period,year,quarter,indicator_id,indicator_name,value_yi_yuan,yoy_pct,source_file
1997-Q1,1997,1,indicator-gdp-primary,第一产业增加值,950,12,浙江省第一产业季度.xlsx
1997-Q1,1997,1,indicator-gdp-secondary,第二产业增加值,93,4.2,浙江省第二产业季度.xlsx
1997-Q1,1997,1,indicator-gdp-tertiary,第三产业增加值,513,13,浙江省第三产业季度.xlsx
1997-Q2,1997,2,indicator-gdp-primary,第一产业增加值,1950,11,浙江省第一产业季度.xlsx
1997-Q2,1997,2,indicator-gdp-secondary,第二产业增加值,230,7.3,浙江省第二产业季度.xlsx
1997-Q2,1997,2,indicator-gdp-tertiary,第三产业增加值,1080,11.8,浙江省第三产业季度.xlsx
1997-Q3,1997,3,indicator-gdp-primary,第一产业增加值,365,4,浙江省第一产业季度.xlsx
1997-Q3,1997,3,indicator-gdp-secondary,第二产业增加值,1665,12.1,浙江省第二产业季度.xlsx
1997-Q3,1997,3,indicator-gdp-tertiary,第三产业增加值,974.08,10.6,浙江省第三产业季度.xlsx
1997-Q4,1997,4,indicator-gdp-primary,第一产业增加值,635,4,浙江省第一产业季度.xlsx
1997-Q4,1997,4,indicator-gdp-secondary,第二产业增加值,2460,12.6,浙江省第二产业季度.xlsx
1997-Q4,1997,4,indicator-gdp-tertiary,第三产业增加值,1505,10.9,浙江省第三产业季度.xlsx
1998-Q1,1998,1,indicator-gdp-primary,第一产业增加值,90,2.4,浙江省第一产业季度.xlsx
1998-Q1,1998,1,indicator-gdp-secondary,第二产业增加值,560,10.8,浙江省第二产业季度.xlsx
1998-Q1,1998,1,indicator-gdp-tertiary,第三产业增加值,380,9.6,浙江省第三产业季度.xlsx
1998-Q2,1998,2,indicator-gdp-primary,第一产业增加值,200,-2,浙江省第一产业季度.xlsx
1998-Q2,1998,2,indicator-gdp-secondary,第二产业增加值,1186,10.9,浙江省第二产业季度.xlsx
1998-Q2,1998,2,indicator-gdp-tertiary,第三产业增加值,704,10.2,浙江省第三产业季度.xlsx
1998-Q3,1998,3,indicator-gdp-primary,第一产业增加值,340,-1.6,浙江省第一产业季度.xlsx
1998-Q3,1998,3,indicator-gdp-secondary,第二产业增加值,1830.61,11.1,浙江省第二产业季度.xlsx
1998-Q3,1998,3,indicator-gdp-tertiary,第三产业增加值,1089.18,9.9,浙江省第三产业季度.xlsx
1998-Q4,1998,4,indicator-gdp-primary,第一产业增加值,631.31,3.2,浙江省第一产业季度.xlsx
1998-Q4,1998,4,indicator-gdp-secondary,第二产业增加值,2709.08,10.8,浙江省第二产业季度.xlsx
1998-Q4,1998,4,indicator-gdp-tertiary,第三产业增加值,1647.11,11.5,浙江省第三产业季度.xlsx
1999-Q1,1999,1,indicator-gdp-primary,第一产业增加值,97,2.8,浙江省第一产业季度.xlsx
1999-Q1,1999,1,indicator-gdp-secondary,第二产业增加值,611.42,12.3,浙江省第二产业季度.xlsx
1999-Q1,1999,1,indicator-gdp-tertiary,第三产业增加值,413.05,10.1,浙江省第三产业季度.xlsx
1999-Q2,1999,2,indicator-gdp-primary,第一产业增加值,221.8,5.5,浙江省第一产业季度.xlsx
1999-Q2,1999,2,indicator-gdp-secondary,第二产业增加值,1286.54,11.3,浙江省第二产业季度.xlsx
1999-Q2,1999,2,indicator-gdp-tertiary,第三产业增加值,756.08,8.9,浙江省第三产业季度.xlsx
1999-Q3,1999,3,indicator-gdp-primary,第一产业增加值,354.23,4.7,浙江省第一产业季度.xlsx
1999-Q3,1999,3,indicator-gdp-secondary,第二产业增加值,1992.47,11.5,浙江省第二产业季度.xlsx
1999-Q3,1999,3,indicator-gdp-tertiary,第三产业增加值,1182.67,8.8,浙江省第三产业季度.xlsx
1999-Q4,1999,4,indicator-gdp-primary,第一产业增加值,636,4.3,浙江省第一产业季度.xlsx
1999-Q4,1999,4,indicator-gdp-secondary,第二产业增加值,2906,11.3,浙江省第二产业季度.xlsx
1999-Q4,1999,4,indicator-gdp-tertiary,第三产业增加值,1808,9.4,浙江省第三产业季度.xlsx
2000-Q1,2000,1,indicator-gdp-primary,第一产业增加值,107.22,4.9,浙江省第一产业季度.xlsx
2000-Q1,2000,1,indicator-gdp-secondary,第二产业增加值,664.56,11.8,浙江省第二产业季度.xlsx
2000-Q1,2000,1,indicator-gdp-tertiary,第三产业增加值,498.34,9.8,浙江省第三产业季度.xlsx
2000-Q2,2000,2,indicator-gdp-primary,第一产业增加值,256.15,4.9,浙江省第一产业季度.xlsx
2000-Q2,2000,2,indicator-gdp-secondary,第二产业增加值,1400.14,11.9,浙江省第二产业季度.xlsx
2000-Q2,2000,2,indicator-gdp-tertiary,第三产业增加值,952.7,10.3,浙江省第三产业季度.xlsx
2000-Q3,2000,3,indicator-gdp-primary,第一产业增加值,386.18,5.2,浙江省第一产业季度.xlsx
2000-Q3,2000,3,indicator-gdp-secondary,第二产业增加值,2193.39,11.8,浙江省第二产业季度.xlsx
2000-Q3,2000,3,indicator-gdp-tertiary,第三产业增加值,1480.43,11.1,浙江省第三产业季度.xlsx
2000-Q4,2000,4,indicator-gdp-primary,第一产业增加值,650,4.5,浙江省第一产业季度.xlsx
2000-Q4,2000,4,indicator-gdp-secondary,第二产业增加值,3200,11.8,浙江省第二产业季度.xlsx
2000-Q4,2000,4,indicator-gdp-tertiary,第三产业增加值,2180,11.5,浙江省第三产业季度.xlsx
2001-Q1,2001,1,indicator-gdp-primary,第一产业增加值,110,2,浙江省第一产业季度.xlsx
2001-Q1,2001,1,indicator-gdp-secondary,第二产业增加值,747,11.8,浙江省第二产业季度.xlsx
2001-Q1,2001,1,indicator-gdp-tertiary,第三产业增加值,555,10.7,浙江省第三产业季度.xlsx
2001-Q2,2001,2,indicator-gdp-primary,第一产业增加值,274,4,浙江省第一产业季度.xlsx
2001-Q2,2001,2,indicator-gdp-secondary,第二产业增加值,1642,11.6,浙江省第二产业季度.xlsx
2001-Q2,2001,2,indicator-gdp-tertiary,第三产业增加值,1220,10.7,浙江省第三产业季度.xlsx
2001-Q3,2001,3,indicator-gdp-primary,第一产业增加值,424,4,浙江省第一产业季度.xlsx
2001-Q3,2001,3,indicator-gdp-secondary,第二产业增加值,2503,11.1,浙江省第二产业季度.xlsx
2001-Q3,2001,3,indicator-gdp-tertiary,第三产业增加值,1825,10.9,浙江省第三产业季度.xlsx
2001-Q4,2001,4,indicator-gdp-primary,第一产业增加值,690,4.1,浙江省第一产业季度.xlsx
2001-Q4,2001,4,indicator-gdp-secondary,第二产业增加值,3440,11,浙江省第二产业季度.xlsx
2001-Q4,2001,4,indicator-gdp-tertiary,第三产业增加值,2570,11.9,浙江省第三产业季度.xlsx
2002-Q1,2002,1,indicator-gdp-primary,第一产业增加值,105,4.2,浙江省第一产业季度.xlsx
2002-Q1,2002,1,indicator-gdp-secondary,第二产业增加值,870,11.2,浙江省第二产业季度.xlsx
2002-Q1,2002,1,indicator-gdp-tertiary,第三产业增加值,715,12.8,浙江省第三产业季度.xlsx
2002-Q2,2002,2,indicator-gdp-primary,第一产业增加值,270,2.6,浙江省第一产业季度.xlsx
2002-Q2,2002,2,indicator-gdp-secondary,第二产业增加值,1815,13,浙江省第二产业季度.xlsx
2002-Q2,2002,2,indicator-gdp-tertiary,第三产业增加值,1435,12.9,浙江省第三产业季度.xlsx
2002-Q3,2002,3,indicator-gdp-primary,第一产业增加值,410,3.1,浙江省第一产业季度.xlsx
2002-Q3,2002,3,indicator-gdp-secondary,第二产业增加值,2814,13.3,浙江省第二产业季度.xlsx
2002-Q3,2002,3,indicator-gdp-tertiary,第三产业增加值,2182,12.6,浙江省第三产业季度.xlsx
2002-Q4,2002,4,indicator-gdp-primary,第一产业增加值,680,3.3,浙江省第一产业季度.xlsx
2002-Q4,2002,4,indicator-gdp-secondary,第二产业增加值,3925,13.3,浙江省第二产业季度.xlsx
2002-Q4,2002,4,indicator-gdp-tertiary,第三产业增加值,3065,13.4,浙江省第三产业季度.xlsx
2003-Q1,2003,1,indicator-gdp-primary,第一产业增加值,120,2.4,浙江省第一产业季度.xlsx
2003-Q1,2003,1,indicator-gdp-secondary,第二产业增加值,1000,14.8,浙江省第二产业季度.xlsx
2003-Q1,2003,1,indicator-gdp-tertiary,第三产业增加值,830,13.4,浙江省第三产业季度.xlsx
2003-Q2,2003,2,indicator-gdp-primary,第一产业增加值,288,1.6,浙江省第一产业季度.xlsx
2003-Q2,2003,2,indicator-gdp-secondary,第二产业增加值,2147,14.5,浙江省第二产业季度.xlsx
2003-Q2,2003,2,indicator-gdp-tertiary,第三产业增加值,1685,12.6,浙江省第三产业季度.xlsx
2003-Q3,2003,3,indicator-gdp-primary,第一产业增加值,428,2,浙江省第一产业季度.xlsx
2003-Q3,2003,3,indicator-gdp-secondary,第二产业增加值,3410,14.8,浙江省第二产业季度.xlsx
2003-Q3,2003,3,indicator-gdp-tertiary,第三产业增加值,2567,13.1,浙江省第三产业季度.xlsx
2003-Q4,2003,4,indicator-gdp-primary,第一产业增加值,722,2.7,浙江省第一产业季度.xlsx
2003-Q4,2003,4,indicator-gdp-secondary,第二产业增加值,4830,16.6,浙江省第二产业季度.xlsx
2003-Q4,2003,4,indicator-gdp-tertiary,第三产业增加值,3648,13.2,浙江省第三产业季度.xlsx
2004-Q1,2004,1,indicator-gdp-primary,第一产业增加值,128,2.2,浙江省第一产业季度.xlsx
2004-Q1,2004,1,indicator-gdp-secondary,第二产业增加值,1248,16.8,浙江省第二产业季度.xlsx
2004-Q1,2004,1,indicator-gdp-tertiary,第三产业增加值,1009,14.7,浙江省第三产业季度.xlsx
2004-Q2,2004,2,indicator-gdp-primary,第一产业增加值,328,2.3,浙江省第一产业季度.xlsx
2004-Q2,2004,2,indicator-gdp-secondary,第二产业增加值,2732,17.8,浙江省第二产业季度.xlsx
2004-Q2,2004,2,indicator-gdp-tertiary,第三产业增加值,2050,14.9,浙江省第三产业季度.xlsx
2004-Q3,2004,3,indicator-gdp-primary,第一产业增加值,488,2.5,浙江省第一产业季度.xlsx
2004-Q3,2004,3,indicator-gdp-secondary,第二产业增加值,4293,16.9,浙江省第二产业季度.xlsx
2004-Q3,2004,3,indicator-gdp-tertiary,第三产业增加值,3089,13.8,浙江省第三产业季度.xlsx
2004-Q4,2004,4,indicator-gdp-primary,第一产业增加值,816,3.7,浙江省第一产业季度.xlsx
2004-Q4,2004,4,indicator-gdp-secondary,第二产业增加值,6045,16.2,浙江省第二产业季度.xlsx
2004-Q4,2004,4,indicator-gdp-tertiary,第三产业增加值,4382,13.9,浙江省第三产业季度.xlsx
2005-Q1,2005,1,indicator-gdp-primary,第一产业增加值,142.07,1.9,浙江省第一产业季度.xlsx
2005-Q1,2005,1,indicator-gdp-secondary,第二产业增加值,1469.54,14.5,浙江省第二产业季度.xlsx
2005-Q1,2005,1,indicator-gdp-tertiary,第三产业增加值,1134.48,10.7,浙江省第三产业季度.xlsx
2005-Q2,2005,2,indicator-gdp-primary,第一产业增加值,353.31,2.9,浙江省第一产业季度.xlsx
2005-Q2,2005,2,indicator-gdp-secondary,第二产业增加值,3418.72,13,浙江省第二产业季度.xlsx
2005-Q2,2005,2,indicator-gdp-tertiary,第三产业增加值,2321.97,11.8,浙江省第三产业季度.xlsx
2005-Q3,2005,3,indicator-gdp-primary,第一产业增加值,531.6,2.3,浙江省第一产业季度.xlsx
2005-Q3,2005,3,indicator-gdp-secondary,第二产业增加值,4982.98,13.3,浙江省第二产业季度.xlsx
2005-Q3,2005,3,indicator-gdp-tertiary,第三产业增加值,3501.42,12,浙江省第三产业季度.xlsx
2005-Q4,2005,4,indicator-gdp-primary,第一产业增加值,872.55,1.6,浙江省第一产业季度.xlsx
2005-Q4,2005,4,indicator-gdp-secondary,第二产业增加值,7147.81,12.1,浙江省第二产业季度.xlsx
2005-Q4,2005,4,indicator-gdp-tertiary,第三产业增加值,5345.15,14.9,浙江省第三产业季度.xlsx
2006-Q1,2006,1,indicator-gdp-primary,第一产业增加值,148,2.2,浙江省第一产业季度.xlsx
2006-Q1,2006,1,indicator-gdp-secondary,第二产业增加值,1788.59,17.1,浙江省第二产业季度.xlsx
2006-Q1,2006,1,indicator-gdp-tertiary,第三产业增加值,1382.79,12.4,浙江省第三产业季度.xlsx
2006-Q2,2006,2,indicator-gdp-primary,第一产业增加值,363.48,2.5,浙江省第一产业季度.xlsx
2006-Q2,2006,2,indicator-gdp-secondary,第二产业增加值,3810.04,14.8,浙江省第二产业季度.xlsx
2006-Q2,2006,2,indicator-gdp-tertiary,第三产业增加值,2949.88,14.8,浙江省第三产业季度.xlsx
2006-Q3,2006,3,indicator-gdp-primary,第一产业增加值,553.94,3,浙江省第一产业季度.xlsx
2006-Q3,2006,3,indicator-gdp-secondary,第二产业增加值,5982.91,14.3,浙江省第二产业季度.xlsx
2006-Q3,2006,3,indicator-gdp-tertiary,第三产业增加值,4460.05,14.8,浙江省第三产业季度.xlsx
2006-Q4,2006,4,indicator-gdp-primary,第一产业增加值,922.98,3,浙江省第一产业季度.xlsx
2006-Q4,2006,4,indicator-gdp-secondary,第二产业增加值,8437.71,13.9,浙江省第二产业季度.xlsx
2006-Q4,2006,4,indicator-gdp-tertiary,第三产业增加值,6288.24,15.1,浙江省第三产业季度.xlsx
2007-Q1,2007,1,indicator-gdp-primary,第一产业增加值,149.54,2.8,浙江省第一产业季度.xlsx
2007-Q1,2007,1,indicator-gdp-secondary,第二产业增加值,2115.75,14.3,浙江省第二产业季度.xlsx
2007-Q1,2007,1,indicator-gdp-tertiary,第三产业增加值,1633.72,16.2,浙江省第三产业季度.xlsx
2007-Q2,2007,2,indicator-gdp-primary,第一产业增加值,394.86,2.9,浙江省第一产业季度.xlsx
2007-Q2,2007,2,indicator-gdp-secondary,第二产业增加值,4468.25,15.4,浙江省第二产业季度.xlsx
2007-Q2,2007,2,indicator-gdp-tertiary,第三产业增加值,3481.28,15.3,浙江省第三产业季度.xlsx
2007-Q3,2007,3,indicator-gdp-primary,第一产业增加值,609.68,2.8,浙江省第一产业季度.xlsx
2007-Q3,2007,3,indicator-gdp-secondary,第二产业增加值,7025.41,14.9,浙江省第二产业季度.xlsx
2007-Q3,2007,3,indicator-gdp-tertiary,第三产业增加值,5349,15.9,浙江省第三产业季度.xlsx
2007-Q4,2007,4,indicator-gdp-primary,第一产业增加值,1025.27,2.8,浙江省第一产业季度.xlsx
2007-Q4,2007,4,indicator-gdp-secondary,第二产业增加值,10092,15.4,浙江省第二产业季度.xlsx
2007-Q4,2007,4,indicator-gdp-tertiary,第三产业增加值,7521.09,15.1,浙江省第三产业季度.xlsx
2008-Q1,2008,1,indicator-gdp-primary,第一产业增加值,168.68,-0.8,浙江省第一产业季度.xlsx
2008-Q1,2008,1,indicator-gdp-secondary,第二产业增加值,2497.61,12.5,浙江省第二产业季度.xlsx
2008-Q1,2008,1,indicator-gdp-tertiary,第三产业增加值,1935.68,12,浙江省第三产业季度.xlsx
2008-Q2,2008,2,indicator-gdp-primary,第一产业增加值,440.26,1.3,浙江省第一产业季度.xlsx
2008-Q2,2008,2,indicator-gdp-secondary,第二产业增加值,5291.97,11.5,浙江省第二产业季度.xlsx
2008-Q2,2008,2,indicator-gdp-tertiary,第三产业增加值,4156.52,12.3,浙江省第三产业季度.xlsx
2008-Q3,2008,3,indicator-gdp-primary,第一产业增加值,685.6,2.9,浙江省第一产业季度.xlsx
2008-Q3,2008,3,indicator-gdp-secondary,第二产业增加值,8279.5,10.6,浙江省第二产业季度.xlsx
2008-Q3,2008,3,indicator-gdp-tertiary,第三产业增加值,6336.8,11.5,浙江省第三产业季度.xlsx
2008-Q4,2008,4,indicator-gdp-primary,第一产业增加值,1095.4,3.9,浙江省第一产业季度.xlsx
2008-Q4,2008,4,indicator-gdp-secondary,第二产业增加值,11580.3,9.4,浙江省第二产业季度.xlsx
2008-Q4,2008,4,indicator-gdp-tertiary,第三产业增加值,8811.2,11.8,浙江省第三产业季度.xlsx
2009-Q1,2009,1,indicator-gdp-primary,第一产业增加值,170.9,2,浙江省第一产业季度.xlsx
2009-Q1,2009,1,indicator-gdp-secondary,第二产业增加值,2315.4,-3,浙江省第二产业季度.xlsx
2009-Q1,2009,1,indicator-gdp-tertiary,第三产业增加值,2145.8,11.4,浙江省第三产业季度.xlsx
2009-Q2,2009,2,indicator-gdp-primary,第一产业增加值,432.9,0.7,浙江省第一产业季度.xlsx
2009-Q2,2009,2,indicator-gdp-secondary,第二产业增加值,5067.5,1.9,浙江省第二产业季度.xlsx
2009-Q2,2009,2,indicator-gdp-tertiary,第三产业增加值,4543.1,12.2,浙江省第三产业季度.xlsx
2009-Q3,2009,3,indicator-gdp-primary,第一产业增加值,694.4,1.8,浙江省第一产业季度.xlsx
2009-Q3,2009,3,indicator-gdp-secondary,第二产业增加值,8160.5,4.5,浙江省第二产业季度.xlsx
2009-Q3,2009,3,indicator-gdp-tertiary,第三产业增加值,6973.2,12.5,浙江省第三产业季度.xlsx
2009-Q4,2009,4,indicator-gdp-primary,第一产业增加值,1161.65,2.3,浙江省第一产业季度.xlsx
2009-Q4,2009,4,indicator-gdp-secondary,第二产业增加值,11843.3,6.8,浙江省第二产业季度.xlsx
2009-Q4,2009,4,indicator-gdp-tertiary,第三产业增加值,9827.48,12.5,浙江省第三产业季度.xlsx
2010-Q1,2010,1,indicator-gdp-primary,第一产业增加值,185.3,3.3,浙江省第一产业季度.xlsx
2010-Q1,2010,1,indicator-gdp-secondary,第二产业增加值,2676.5,18.6,浙江省第二产业季度.xlsx
2010-Q1,2010,1,indicator-gdp-tertiary,第三产业增加值,2501.5,12.3,浙江省第三产业季度.xlsx
2010-Q2,2010,2,indicator-gdp-primary,第一产业增加值,506.8,2,浙江省第一产业季度.xlsx
2010-Q2,2010,2,indicator-gdp-secondary,第二产业增加值,6129.67,16.5,浙江省第二产业季度.xlsx
2010-Q2,2010,2,indicator-gdp-tertiary,第三产业增加值,5356.61,11.4,浙江省第三产业季度.xlsx
2010-Q3,2010,3,indicator-gdp-primary,第一产业增加值,809.8,3.2,浙江省第一产业季度.xlsx
2010-Q3,2010,3,indicator-gdp-secondary,第二产业增加值,9723.4,14.3,浙江省第二产业季度.xlsx
2010-Q3,2010,3,indicator-gdp-tertiary,第三产业增加值,8231.9,11.3,浙江省第三产业季度.xlsx
2010-Q4,2010,4,indicator-gdp-primary,第一产业增加值,1360.7,3.2,浙江省第一产业季度.xlsx
2010-Q4,2010,4,indicator-gdp-secondary,第二产业增加值,14121.3,12.3,浙江省第二产业季度.xlsx
2010-Q4,2010,4,indicator-gdp-tertiary,第三产业增加值,11744.8,12.1,浙江省第三产业季度.xlsx
2011-Q1,2011,1,indicator-gdp-primary,第一产业增加值,215.06,3.1,浙江省第一产业季度.xlsx
2011-Q1,2011,1,indicator-gdp-secondary,第二产业增加值,3167.51,10.8,浙江省第二产业季度.xlsx
2011-Q1,2011,1,indicator-gdp-tertiary,第三产业增加值,2928.67,10.5,浙江省第三产业季度.xlsx
2011-Q2,2011,2,indicator-gdp-primary,第一产业增加值,593.4,3,浙江省第一产业季度.xlsx
2011-Q2,2011,2,indicator-gdp-secondary,第二产业增加值,7600.2,10.1,浙江省第二产业季度.xlsx
2011-Q2,2011,2,indicator-gdp-tertiary,第三产业增加值,6460,10.3,浙江省第三产业季度.xlsx
2011-Q3,2011,3,indicator-gdp-primary,第一产业增加值,951.6,3,浙江省第一产业季度.xlsx
2011-Q3,2011,3,indicator-gdp-secondary,第二产业增加值,11683.7,9.7,浙江省第二产业季度.xlsx
2011-Q3,2011,3,indicator-gdp-tertiary,第三产业增加值,9992.1,9.7,浙江省第三产业季度.xlsx
2011-Q4,2011,4,indicator-gdp-primary,第一产业增加值,1580.6,3.6,浙江省第一产业季度.xlsx
2011-Q4,2011,4,indicator-gdp-secondary,第二产业增加值,16404.2,9.1,浙江省第二产业季度.xlsx
2011-Q4,2011,4,indicator-gdp-tertiary,第三产业增加值,14015.4,9.4,浙江省第三产业季度.xlsx
2012-Q1,2012,1,indicator-gdp-primary,第一产业增加值,242.7,0.8,浙江省第一产业季度.xlsx
2012-Q1,2012,1,indicator-gdp-secondary,第二产业增加值,3344.2,6.4,浙江省第二产业季度.xlsx
2012-Q1,2012,1,indicator-gdp-tertiary,第三产业增加值,3137.8,8.2,浙江省第三产业季度.xlsx
2012-Q2,2012,2,indicator-gdp-primary,第一产业增加值,655.7,2.1,浙江省第一产业季度.xlsx
2012-Q2,2012,2,indicator-gdp-secondary,第二产业增加值,8005.9,6.5,浙江省第二产业季度.xlsx
2012-Q2,2012,2,indicator-gdp-tertiary,第三产业增加值,7128.8,8.8,浙江省第三产业季度.xlsx
2012-Q3,2012,3,indicator-gdp-primary,第一产业增加值,1029.4,2.1,浙江省第一产业季度.xlsx
2012-Q3,2012,3,indicator-gdp-secondary,第二产业增加值,12269,6.8,浙江省第二产业季度.xlsx
2012-Q3,2012,3,indicator-gdp-tertiary,第三产业增加值,10916.5,9.2,浙江省第三产业季度.xlsx
2012-Q4,2012,4,indicator-gdp-primary,第一产业增加值,1669.5,2,浙江省第一产业季度.xlsx
2012-Q4,2012,4,indicator-gdp-secondary,第二产业增加值,17312.4,7.3,浙江省第二产业季度.xlsx
2012-Q4,2012,4,indicator-gdp-tertiary,第三产业增加值,15624.4,9.3,浙江省第三产业季度.xlsx
2013-Q1,2013,1,indicator-gdp-primary,第一产业增加值,258.3,2.6,浙江省第一产业季度.xlsx
2013-Q1,2013,1,indicator-gdp-secondary,第二产业增加值,3556.6,8.6,浙江省第二产业季度.xlsx
2013-Q1,2013,1,indicator-gdp-tertiary,第三产业增加值,3446.7,8.2,浙江省第三产业季度.xlsx
2013-Q2,2013,2,indicator-gdp-primary,第一产业增加值,679.9,2.4,浙江省第一产业季度.xlsx
2013-Q2,2013,2,indicator-gdp-secondary,第二产业增加值,8440.3,8.9,浙江省第二产业季度.xlsx
2013-Q2,2013,2,indicator-gdp-tertiary,第三产业增加值,7833.7,8.1,浙江省第三产业季度.xlsx
2013-Q3,2013,3,indicator-gdp-primary,第一产业增加值,1074.5,1.8,浙江省第一产业季度.xlsx
2013-Q3,2013,3,indicator-gdp-secondary,第二产业增加值,13057.6,8.5,浙江省第二产业季度.xlsx
2013-Q3,2013,3,indicator-gdp-tertiary,第三产业增加值,12063,8.5,浙江省第三产业季度.xlsx
2013-Q4,2013,4,indicator-gdp-primary,第一产业增加值,1784.62,0.4,浙江省第一产业季度.xlsx
2013-Q4,2013,4,indicator-gdp-secondary,第二产业增加值,18446.65,8.4,浙江省第二产业季度.xlsx
2013-Q4,2013,4,indicator-gdp-tertiary,第三产业增加值,17337.22,8.7,浙江省第三产业季度.xlsx
2014-Q1,2014,1,indicator-gdp-primary,第一产业增加值,274.21,0.3,浙江省第一产业季度.xlsx
2014-Q1,2014,1,indicator-gdp-secondary,第二产业增加值,3744.93,6.5,浙江省第二产业季度.xlsx
2014-Q1,2014,1,indicator-gdp-tertiary,第三产业增加值,3749.32,7.9,浙江省第三产业季度.xlsx
2014-Q2,2014,2,indicator-gdp-primary,第一产业增加值,755.2,0.9,浙江省第一产业季度.xlsx
2014-Q2,2014,2,indicator-gdp-secondary,第二产业增加值,8915.35,6.5,浙江省第二产业季度.xlsx
2014-Q2,2014,2,indicator-gdp-tertiary,第三产业增加值,8307.66,8.4,浙江省第三产业季度.xlsx
2014-Q3,2014,3,indicator-gdp-primary,第一产业增加值,1153.41,1.1,浙江省第一产业季度.xlsx
2014-Q3,2014,3,indicator-gdp-secondary,第二产业增加值,13849.62,6.9,浙江省第二产业季度.xlsx
2014-Q3,2014,3,indicator-gdp-tertiary,第三产业增加值,12819.16,8.4,浙江省第三产业季度.xlsx
2014-Q4,2014,4,indicator-gdp-primary,第一产业增加值,1779.26,1.4,浙江省第一产业季度.xlsx
2014-Q4,2014,4,indicator-gdp-secondary,第二产业增加值,19152.73,7.1,浙江省第二产业季度.xlsx
2014-Q4,2014,4,indicator-gdp-tertiary,第三产业增加值,19221.51,8.7,浙江省第三产业季度.xlsx
2015-Q1,2015,1,indicator-gdp-primary,第一产业增加值,278.19,1.1,浙江省第一产业季度.xlsx
2015-Q1,2015,1,indicator-gdp-secondary,第二产业增加值,3772.22,6,浙江省第二产业季度.xlsx
2015-Q1,2015,1,indicator-gdp-tertiary,第三产业增加值,4291.97,10.8,浙江省第三产业季度.xlsx
2015-Q2,2015,2,indicator-gdp-primary,第一产业增加值,763.3,1.2,浙江省第一产业季度.xlsx
2015-Q2,2015,2,indicator-gdp-secondary,第二产业增加值,8870.56,5.8,浙江省第二产业季度.xlsx
2015-Q2,2015,2,indicator-gdp-tertiary,第三产业增加值,9646.83,11.4,浙江省第三产业季度.xlsx
2015-Q3,2015,3,indicator-gdp-primary,第一产业增加值,1161.16,1.1,浙江省第一产业季度.xlsx
2015-Q3,2015,3,indicator-gdp-secondary,第二产业增加值,13664.82,5.4,浙江省第二产业季度.xlsx
2015-Q3,2015,3,indicator-gdp-tertiary,第三产业增加值,14858.25,11.3,浙江省第三产业季度.xlsx
2015-Q4,2015,4,indicator-gdp-primary,第一产业增加值,1832.8,1.5,浙江省第一产业季度.xlsx
2015-Q4,2015,4,indicator-gdp-secondary,第二产业增加值,19707.09,5.4,浙江省第二产业季度.xlsx
2015-Q4,2015,4,indicator-gdp-tertiary,第三产业增加值,21346.6,11.3,浙江省第三产业季度.xlsx
2016-Q1,2016,1,indicator-gdp-primary,第一产业增加值,301.8,1.2,浙江省第一产业季度.xlsx
2016-Q1,2016,1,indicator-gdp-secondary,第二产业增加值,3979.02,5,浙江省第二产业季度.xlsx
2016-Q1,2016,1,indicator-gdp-tertiary,第三产业增加值,5075.38,9.5,浙江省第三产业季度.xlsx
2016-Q2,2016,2,indicator-gdp-primary,第一产业增加值,832.49,1.7,浙江省第一产业季度.xlsx
2016-Q2,2016,2,indicator-gdp-secondary,第二产业增加值,9113.78,6.1,浙江省第二产业季度.xlsx
2016-Q2,2016,2,indicator-gdp-tertiary,第三产业增加值,10816.06,9.7,浙江省第三产业季度.xlsx
2016-Q3,2016,3,indicator-gdp-primary,第一产业增加值,1251.14,2.5,浙江省第一产业季度.xlsx
2016-Q3,2016,3,indicator-gdp-secondary,第二产业增加值,14329.73,6.2,浙江省第二产业季度.xlsx
2016-Q3,2016,3,indicator-gdp-tertiary,第三产业增加值,16653.46,9.2,浙江省第三产业季度.xlsx
2016-Q4,2016,4,indicator-gdp-primary,第一产业增加值,1966.54,2.7,浙江省第一产业季度.xlsx
2016-Q4,2016,4,indicator-gdp-secondary,第二产业增加值,20517.83,5.8,浙江省第二产业季度.xlsx
2016-Q4,2016,4,indicator-gdp-tertiary,第三产业增加值,24000.61,9.4,浙江省第三产业季度.xlsx
2017-Q1,2017,1,indicator-gdp-primary,第一产业增加值,297.08,1.1,浙江省第一产业季度.xlsx
2017-Q1,2017,1,indicator-gdp-secondary,第二产业增加值,4436,6.1,浙江省第二产业季度.xlsx
2017-Q1,2017,1,indicator-gdp-tertiary,第三产业增加值,5818.85,10,浙江省第三产业季度.xlsx
2017-Q2,2017,2,indicator-gdp-primary,第一产业增加值,820.48,1.5,浙江省第一产业季度.xlsx
2017-Q2,2017,2,indicator-gdp-secondary,第二产业增加值,10174.91,6.6,浙江省第二产业季度.xlsx
2017-Q2,2017,2,indicator-gdp-tertiary,第三产业增加值,12387.82,9.8,浙江省第三产业季度.xlsx
2017-Q3,2017,3,indicator-gdp-primary,第一产业增加值,1247.79,1.9,浙江省第一产业季度.xlsx
2017-Q3,2017,3,indicator-gdp-secondary,第二产业增加值,16663.59,7.3,浙江省第二产业季度.xlsx
2017-Q3,2017,3,indicator-gdp-tertiary,第三产业增加值,19046.65,9.3,浙江省第三产业季度.xlsx
2017-Q4,2017,4,indicator-gdp-primary,第一产业增加值,2017.43,2.8,浙江省第一产业季度.xlsx
2017-Q4,2017,4,indicator-gdp-secondary,第二产业增加值,22471.52,7,浙江省第二产业季度.xlsx
2017-Q4,2017,4,indicator-gdp-tertiary,第三产业增加值,27279.31,8.8,浙江省第三产业季度.xlsx
2018-Q1,2018,1,indicator-gdp-primary,第一产业增加值,303.4,1.4,浙江省第一产业季度.xlsx
2018-Q1,2018,1,indicator-gdp-secondary,第二产业增加值,4837.46,6.9,浙江省第二产业季度.xlsx
2018-Q1,2018,1,indicator-gdp-tertiary,第三产业增加值,6550.62,8.1,浙江省第三产业季度.xlsx
2018-Q2,2018,2,indicator-gdp-primary,第一产业增加值,804.9,1.5,浙江省第一产业季度.xlsx
2018-Q2,2018,2,indicator-gdp-secondary,第二产业增加值,10952.88,7.4,浙江省第二产业季度.xlsx
2018-Q2,2018,2,indicator-gdp-tertiary,第三产业增加值,13916.49,8.1,浙江省第三产业季度.xlsx
2018-Q3,2018,3,indicator-gdp-primary,第一产业增加值,1233.01,1.8,浙江省第一产业季度.xlsx
2018-Q3,2018,3,indicator-gdp-secondary,第二产业增加值,16923.11,7.2,浙江省第二产业季度.xlsx
2018-Q3,2018,3,indicator-gdp-tertiary,第三产业增加值,21639.5,8,浙江省第三产业季度.xlsx
2018-Q4,2018,4,indicator-gdp-primary,第一产业增加值,1967.01,1.9,浙江省第一产业季度.xlsx
2018-Q4,2018,4,indicator-gdp-secondary,第二产业增加值,23505.88,6.7,浙江省第二产业季度.xlsx
2018-Q4,2018,4,indicator-gdp-tertiary,第三产业增加值,30724.26,7.8,浙江省第三产业季度.xlsx
2019-Q1,2019,1,indicator-gdp-primary,第一产业增加值,311.11,1.5,浙江省第一产业季度.xlsx
2019-Q1,2019,1,indicator-gdp-secondary,第二产业增加值,5232.88,7.9,浙江省第二产业季度.xlsx
2019-Q1,2019,1,indicator-gdp-tertiary,第三产业增加值,7540.08,7.8,浙江省第三产业季度.xlsx
2019-Q2,2019,2,indicator-gdp-primary,第一产业增加值,872.46,1.6,浙江省第一产业季度.xlsx
2019-Q2,2019,2,indicator-gdp-secondary,第二产业增加值,11594.5,6.1,浙江省第二产业季度.xlsx
2019-Q2,2019,2,indicator-gdp-tertiary,第三产业增加值,15789.37,8.3,浙江省第三产业季度.xlsx
2019-Q3,2019,3,indicator-gdp-primary,第一产业增加值,1330.26,1.7,浙江省第一产业季度.xlsx
2019-Q3,2019,3,indicator-gdp-secondary,第二产业增加值,17837.72,5.7,浙江省第二产业季度.xlsx
2019-Q3,2019,3,indicator-gdp-tertiary,第三产业增加值,24030.54,7.6,浙江省第三产业季度.xlsx
2019-Q4,2019,4,indicator-gdp-primary,第一产业增加值,2097.38,2,浙江省第一产业季度.xlsx
2019-Q4,2019,4,indicator-gdp-secondary,第二产业增加值,26566.6,5.9,浙江省第二产业季度.xlsx
2019-Q4,2019,4,indicator-gdp-tertiary,第三产业增加值,33687.76,7.8,浙江省第三产业季度.xlsx
2020-Q1,2020,1,indicator-gdp-primary,第一产业增加值,334.99,-0.7,浙江省第一产业季度.xlsx
2020-Q1,2020,1,indicator-gdp-secondary,第二产业增加值,4930.22,-11,浙江省第二产业季度.xlsx
2020-Q1,2020,1,indicator-gdp-tertiary,第三产业增加值,7848.78,-1.5,浙江省第三产业季度.xlsx
2020-Q2,2020,2,indicator-gdp-primary,第一产业增加值,913.59,1.3,浙江省第一产业季度.xlsx
2020-Q2,2020,2,indicator-gdp-secondary,第二产业增加值,11620.02,-2,浙江省第二产业季度.xlsx
2020-Q2,2020,2,indicator-gdp-tertiary,第三产业增加值,16553.03,2.5,浙江省第三产业季度.xlsx
2020-Q3,2020,3,indicator-gdp-primary,第一产业增加值,1389.18,1.4,浙江省第一产业季度.xlsx
2020-Q3,2020,3,indicator-gdp-secondary,第二产业增加值,18578.54,1,浙江省第二产业季度.xlsx
2020-Q3,2020,3,indicator-gdp-tertiary,第三产业增加值,25858.2,3.4,浙江省第三产业季度.xlsx
2020-Q4,2020,4,indicator-gdp-primary,第一产业增加值,2169.23,1.3,浙江省第一产业季度.xlsx
2020-Q4,2020,4,indicator-gdp-secondary,第二产业增加值,26412.95,3.1,浙江省第二产业季度.xlsx
2020-Q4,2020,4,indicator-gdp-tertiary,第三产业增加值,36031.16,4.1,浙江省第三产业季度.xlsx
2021-Q1,2021,1,indicator-gdp-primary,第一产业增加值,337.17,2.8,浙江省第一产业季度.xlsx
2021-Q1,2021,1,indicator-gdp-secondary,第二产业增加值,6381.82,27.1,浙江省第二产业季度.xlsx
2021-Q1,2021,1,indicator-gdp-tertiary,第三产业增加值,9627.77,15.4,浙江省第三产业季度.xlsx
2021-Q2,2021,2,indicator-gdp-primary,第一产业增加值,934.95,3.1,浙江省第一产业季度.xlsx
2021-Q2,2021,2,indicator-gdp-secondary,第二产业增加值,14177.49,16.9,浙江省第二产业季度.xlsx
2021-Q2,2021,2,indicator-gdp-tertiary,第三产业增加值,19444,11.5,浙江省第三产业季度.xlsx
2021-Q3,2021,3,indicator-gdp-primary,第一产业增加值,1407.2,2.7,浙江省第一产业季度.xlsx
2021-Q3,2021,3,indicator-gdp-secondary,第二产业增加值,22008.51,13.3,浙江省第二产业季度.xlsx
2021-Q3,2021,3,indicator-gdp-tertiary,第三产业增加值,29436.92,9.1,浙江省第三产业季度.xlsx
2021-Q4,2021,4,indicator-gdp-primary,第一产业增加值,2209.09,2.2,浙江省第一产业季度.xlsx
2021-Q4,2021,4,indicator-gdp-secondary,第二产业增加值,31188.57,10.2,浙江省第二产业季度.xlsx
2021-Q4,2021,4,indicator-gdp-tertiary,第三产业增加值,40118.1,7.6,浙江省第三产业季度.xlsx
2022-Q1,2022,1,indicator-gdp-primary,第一产业增加值,336.25,2.4,浙江省第一产业季度.xlsx
2022-Q1,2022,1,indicator-gdp-secondary,第二产业增加值,7408.46,7.6,浙江省第二产业季度.xlsx
2022-Q1,2022,1,indicator-gdp-tertiary,第三产业增加值,10141.68,3.5,浙江省第三产业季度.xlsx
2022-Q2,2022,2,indicator-gdp-primary,第一产业增加值,954.96,3.4,浙江省第一产业季度.xlsx
2022-Q2,2022,2,indicator-gdp-secondary,第二产业增加值,15521.77,3.7,浙江省第二产业季度.xlsx
2022-Q2,2022,2,indicator-gdp-tertiary,第三产业增加值,19745.53,1.5,浙江省第三产业季度.xlsx
2022-Q3,2022,3,indicator-gdp-primary,第一产业增加值,1462.7,2.8,浙江省第一产业季度.xlsx
2022-Q3,2022,3,indicator-gdp-secondary,第二产业增加值,23965.1,4,浙江省第二产业季度.xlsx
2022-Q3,2022,3,indicator-gdp-tertiary,第三产业增加值,30322.4,2.3,浙江省第三产业季度.xlsx
2022-Q4,2022,4,indicator-gdp-primary,第一产业增加值,2324.77,3.2,浙江省第一产业季度.xlsx
2022-Q4,2022,4,indicator-gdp-secondary,第二产业增加值,33205.17,3.4,浙江省第二产业季度.xlsx
2022-Q4,2022,4,indicator-gdp-tertiary,第三产业增加值,42185.42,2.8,浙江省第三产业季度.xlsx
2023-Q1,2023,1,indicator-gdp-primary,第一产业增加值,365.69,4.1,浙江省第一产业季度.xlsx
2023-Q1,2023,1,indicator-gdp-secondary,第二产业增加值,7494.47,2.7,浙江省第二产业季度.xlsx
2023-Q1,2023,1,indicator-gdp-tertiary,第三产业增加值,11064.55,6.4,浙江省第三产业季度.xlsx
2023-Q2,2023,2,indicator-gdp-primary,第一产业增加值,1049.84,4.3,浙江省第一产业季度.xlsx
2023-Q2,2023,2,indicator-gdp-secondary,第二产业增加值,15800.09,4.7,浙江省第二产业季度.xlsx
2023-Q2,2023,2,indicator-gdp-tertiary,第三产业增加值,21867.06,8.4,浙江省第三产业季度.xlsx
2023-Q3,2023,3,indicator-gdp-primary,第一产业增加值,1580.12,3.9,浙江省第一产业季度.xlsx
2023-Q3,2023,3,indicator-gdp-secondary,第二产业增加值,24433.73,5.1,浙江省第二产业季度.xlsx
2023-Q3,2023,3,indicator-gdp-tertiary,第三产业增加值,33167.99,7.3,浙江省第三产业季度.xlsx
2023-Q4,2023,4,indicator-gdp-primary,第一产业增加值,2331.97,4.2,浙江省第一产业季度.xlsx
2023-Q4,2023,4,indicator-gdp-secondary,第二产业增加值,33952.67,5,浙江省第二产业季度.xlsx
2023-Q4,2023,4,indicator-gdp-tertiary,第三产业增加值,46268.57,6.7,浙江省第三产业季度.xlsx
2024-Q1,2024,1,indicator-gdp-primary,第一产业增加值,347,3.9,浙江省第一产业季度.xlsx
2024-Q1,2024,1,indicator-gdp-secondary,第二产业增加值,7908,7.3,浙江省第二产业季度.xlsx
2024-Q1,2024,1,indicator-gdp-tertiary,第三产业增加值,11882,5.5,浙江省第三产业季度.xlsx
2024-Q2,2024,2,indicator-gdp-primary,第一产业增加值,1010,3.8,浙江省第一产业季度.xlsx
2024-Q2,2024,2,indicator-gdp-secondary,第二产业增加值,16546,6.5,浙江省第二产业季度.xlsx
2024-Q2,2024,2,indicator-gdp-tertiary,第三产业增加值,23364,5,浙江省第三产业季度.xlsx
2024-Q3,2024,3,indicator-gdp-primary,第一产业增加值,1554,3.7,浙江省第一产业季度.xlsx
2024-Q3,2024,3,indicator-gdp-secondary,第二产业增加值,25670,6.3,浙江省第二产业季度.xlsx
2024-Q3,2024,3,indicator-gdp-tertiary,第三产业增加值,35394,4.8,浙江省第三产业季度.xlsx
2024-Q4,2024,4,indicator-gdp-primary,第一产业增加值,2586,3.5,浙江省第一产业季度.xlsx
2024-Q4,2024,4,indicator-gdp-secondary,第二产业增加值,34783,6.1,浙江省第二产业季度.xlsx
2024-Q4,2024,4,indicator-gdp-tertiary,第三产业增加值,52761,5.1,浙江省第三产业季度.xlsx
2025-Q1,2025,1,indicator-gdp-primary,第一产业增加值,398,3.3,浙江省第一产业季度.xlsx
2025-Q1,2025,1,indicator-gdp-secondary,第二产业增加值,8249,6.5,浙江省第二产业季度.xlsx
2025-Q1,2025,1,indicator-gdp-tertiary,第三产业增加值,13653,5.7,浙江省第三产业季度.xlsx
2025-Q2,2025,2,indicator-gdp-primary,第一产业增加值,1132,3.5,浙江省第一产业季度.xlsx
2025-Q2,2025,2,indicator-gdp-secondary,第二产业增加值,16952,5.6,浙江省第二产业季度.xlsx
2025-Q2,2025,2,indicator-gdp-tertiary,第三产业增加值,26921,6,浙江省第三产业季度.xlsx
2025-Q3,2025,3,indicator-gdp-primary,第一产业增加值,1735,3.7,浙江省第一产业季度.xlsx
2025-Q3,2025,3,indicator-gdp-secondary,第二产业增加值,26086,5.2,浙江省第二产业季度.xlsx
2025-Q3,2025,3,indicator-gdp-tertiary,第三产业增加值,40674,6,浙江省第三产业季度.xlsx
2025-Q4,2025,4,indicator-gdp-primary,第一产业增加值,2657,3.9,浙江省第一产业季度.xlsx
2025-Q4,2025,4,indicator-gdp-secondary,第二产业增加值,35682,5.1,浙江省第二产业季度.xlsx
2025-Q4,2025,4,indicator-gdp-tertiary,第三产业增加值,56206,5.8,浙江省第三产业季度.xlsx
