observation_id,period,region,indicator_id,value,unit,yoy_pct,scope,source_url,quality_flag
obs_0001,2024-01,江苏省,ind_consumption,738.18,亿千瓦时,37.56,month,https://jsb.nea.gov.cn/dtyw/jgdt/202402/t20240223_257097.html,official-published;peak-load-scope-varies
obs_0002,2024-01,江苏省,ind_generation,589.61,亿千瓦时,38.87,month,https://jsb.nea.gov.cn/dtyw/jgdt/202402/t20240223_257097.html,official-published;peak-load-scope-varies
obs_0003,2024-01,江苏省,ind_capacity,18177.66,万千瓦,,month-end,https://jsb.nea.gov.cn/dtyw/jgdt/202402/t20240223_257097.html,official-published;peak-load-scope-varies
obs_0004,2024-01,江苏省,ind_peak_load,12589.6,万千瓦,34.99,official-reported-scope-varies,https://jsb.nea.gov.cn/dtyw/jgdt/202402/t20240223_257097.html,official-published;peak-load-scope-varies
obs_0005,2024-01,江苏省,ind_mean_temp,3.58,℃,,Nanjing-point-proxy,https://archive-api.open-meteo.com/v1/archive?latitude=32.06&longitude=118.78&start_date=2024-01-01&end_date=2025-12-31&daily=temperature_2m_mean%2Ctemperature_2m_max%2Ctemperature_2m_min%2Cprecipitation_sum%2Cwind_speed_10m_max&timezone=Asia%2FShanghai,reanalysis-point-proxy
obs_0006,2024-01,江苏省,ind_hot_days,0,天,,Nanjing-point-proxy,https://archive-api.open-meteo.com/v1/archive?latitude=32.06&longitude=118.78&start_date=2024-01-01&end_date=2025-12-31&daily=temperature_2m_mean%2Ctemperature_2m_max%2Ctemperature_2m_min%2Cprecipitation_sum%2Cwind_speed_10m_max&timezone=Asia%2FShanghai,reanalysis-point-proxy
obs_0007,2024-01,江苏省,ind_cdd18,0,度日,,Nanjing-point-proxy,https://archive-api.open-meteo.com/v1/archive?latitude=32.06&longitude=118.78&start_date=2024-01-01&end_date=2025-12-31&daily=temperature_2m_mean%2Ctemperature_2m_max%2Ctemperature_2m_min%2Cprecipitation_sum%2Cwind_speed_10m_max&timezone=Asia%2FShanghai,reanalysis-point-proxy
obs_0008,2024-01,江苏省,ind_hdd18,447.0,度日,,Nanjing-point-proxy,https://archive-api.open-meteo.com/v1/archive?latitude=32.06&longitude=118.78&start_date=2024-01-01&end_date=2025-12-31&daily=temperature_2m_mean%2Ctemperature_2m_max%2Ctemperature_2m_min%2Cprecipitation_sum%2Cwind_speed_10m_max&timezone=Asia%2FShanghai,reanalysis-point-proxy
obs_0009,2024-01,江苏省,ind_workdays,22,天,,month,国务院办公厅节假日通知,official-calendar
obs_0010,2024-01,江苏省,ind_holiday_days,1,天,,month,国务院办公厅节假日通知,official-calendar
obs_0011,2024-02,江苏省,ind_consumption,551.1,亿千瓦时,-8.0,month,https://jsb.nea.gov.cn/dtyw/jgdt/202403/t20240319_259234.html,official-published;peak-load-scope-varies
obs_0012,2024-02,江苏省,ind_generation,450.04,亿千瓦时,-6.31,month,https://jsb.nea.gov.cn/dtyw/jgdt/202403/t20240319_259234.html,official-published;peak-load-scope-varies
obs_0013,2024-02,江苏省,ind_capacity,18314.09,万千瓦,,month-end,https://jsb.nea.gov.cn/dtyw/jgdt/202403/t20240319_259234.html,official-published;peak-load-scope-varies
obs_0014,2024-02,江苏省,ind_peak_load,12589.6,万千瓦,20.88,official-reported-scope-varies,https://jsb.nea.gov.cn/dtyw/jgdt/202403/t20240319_259234.html,official-published;peak-load-scope-varies
obs_0015,2024-02,江苏省,ind_mean_temp,4.34,℃,,Nanjing-point-proxy,https://archive-api.open-meteo.com/v1/archive?latitude=32.06&longitude=118.78&start_date=2024-01-01&end_date=2025-12-31&daily=temperature_2m_mean%2Ctemperature_2m_max%2Ctemperature_2m_min%2Cprecipitation_sum%2Cwind_speed_10m_max&timezone=Asia%2FShanghai,reanalysis-point-proxy
obs_0016,2024-02,江苏省,ind_hot_days,0,天,,Nanjing-point-proxy,https://archive-api.open-meteo.com/v1/archive?latitude=32.06&longitude=118.78&start_date=2024-01-01&end_date=2025-12-31&daily=temperature_2m_mean%2Ctemperature_2m_max%2Ctemperature_2m_min%2Cprecipitation_sum%2Cwind_speed_10m_max&timezone=Asia%2FShanghai,reanalysis-point-proxy
obs_0017,2024-02,江苏省,ind_cdd18,0,度日,,Nanjing-point-proxy,https://archive-api.open-meteo.com/v1/archive?latitude=32.06&longitude=118.78&start_date=2024-01-01&end_date=2025-12-31&daily=temperature_2m_mean%2Ctemperature_2m_max%2Ctemperature_2m_min%2Cprecipitation_sum%2Cwind_speed_10m_max&timezone=Asia%2FShanghai,reanalysis-point-proxy
obs_0018,2024-02,江苏省,ind_hdd18,396.1,度日,,Nanjing-point-proxy,https://archive-api.open-meteo.com/v1/archive?latitude=32.06&longitude=118.78&start_date=2024-01-01&end_date=2025-12-31&daily=temperature_2m_mean%2Ctemperature_2m_max%2Ctemperature_2m_min%2Cprecipitation_sum%2Cwind_speed_10m_max&timezone=Asia%2FShanghai,reanalysis-point-proxy
obs_0019,2024-02,江苏省,ind_workdays,18,天,,month,国务院办公厅节假日通知,official-calendar
obs_0020,2024-02,江苏省,ind_holiday_days,8,天,,month,国务院办公厅节假日通知,official-calendar
obs_0021,2024-03,江苏省,ind_consumption,674.94,亿千瓦时,8.05,month,https://jsb.nea.gov.cn/dtyw/jgdt/202404/t20240415_260710.html,official-published;peak-load-scope-varies
obs_0022,2024-03,江苏省,ind_generation,548.37,亿千瓦时,10.5,month,https://jsb.nea.gov.cn/dtyw/jgdt/202404/t20240415_260710.html,official-published;peak-load-scope-varies
obs_0023,2024-03,江苏省,ind_capacity,18405.18,万千瓦,,month-end,https://jsb.nea.gov.cn/dtyw/jgdt/202404/t20240415_260710.html,official-published;peak-load-scope-varies
obs_0024,2024-03,江苏省,ind_peak_load,12589.6,万千瓦,20.88,official-reported-scope-varies,https://jsb.nea.gov.cn/dtyw/jgdt/202404/t20240415_260710.html,official-published;peak-load-scope-varies
obs_0025,2024-03,江苏省,ind_mean_temp,11.21,℃,,Nanjing-point-proxy,https://archive-api.open-meteo.com/v1/archive?latitude=32.06&longitude=118.78&start_date=2024-01-01&end_date=2025-12-31&daily=temperature_2m_mean%2Ctemperature_2m_max%2Ctemperature_2m_min%2Cprecipitation_sum%2Cwind_speed_10m_max&timezone=Asia%2FShanghai,reanalysis-point-proxy
obs_0026,2024-03,江苏省,ind_hot_days,0,天,,Nanjing-point-proxy,https://archive-api.open-meteo.com/v1/archive?latitude=32.06&longitude=118.78&start_date=2024-01-01&end_date=2025-12-31&daily=temperature_2m_mean%2Ctemperature_2m_max%2Ctemperature_2m_min%2Cprecipitation_sum%2Cwind_speed_10m_max&timezone=Asia%2FShanghai,reanalysis-point-proxy
obs_0027,2024-03,江苏省,ind_cdd18,4.0,度日,,Nanjing-point-proxy,https://archive-api.open-meteo.com/v1/archive?latitude=32.06&longitude=118.78&start_date=2024-01-01&end_date=2025-12-31&daily=temperature_2m_mean%2Ctemperature_2m_max%2Ctemperature_2m_min%2Cprecipitation_sum%2Cwind_speed_10m_max&timezone=Asia%2FShanghai,reanalysis-point-proxy
obs_0028,2024-03,江苏省,ind_hdd18,214.6,度日,,Nanjing-point-proxy,https://archive-api.open-meteo.com/v1/archive?latitude=32.06&longitude=118.78&start_date=2024-01-01&end_date=2025-12-31&daily=temperature_2m_mean%2Ctemperature_2m_max%2Ctemperature_2m_min%2Cprecipitation_sum%2Cwind_speed_10m_max&timezone=Asia%2FShanghai,reanalysis-point-proxy
obs_0029,2024-03,江苏省,ind_workdays,21,天,,month,国务院办公厅节假日通知,official-calendar
obs_0030,2024-03,江苏省,ind_holiday_days,0,天,,month,国务院办公厅节假日通知,official-calendar
obs_0031,2024-04,江苏省,ind_consumption,620.2,亿千瓦时,7.12,month,https://jsb.nea.gov.cn/dtyw/jgdt/202405/t20240517_263109.html,official-published;peak-load-scope-varies
obs_0032,2024-04,江苏省,ind_generation,510.57,亿千瓦时,6.18,month,https://jsb.nea.gov.cn/dtyw/jgdt/202405/t20240517_263109.html,official-published;peak-load-scope-varies
obs_0033,2024-04,江苏省,ind_capacity,18562.09,万千瓦,,month-end,https://jsb.nea.gov.cn/dtyw/jgdt/202405/t20240517_263109.html,official-published;peak-load-scope-varies
obs_0034,2024-04,江苏省,ind_peak_load,12589.6,万千瓦,20.88,official-reported-scope-varies,https://jsb.nea.gov.cn/dtyw/jgdt/202405/t20240517_263109.html,official-published;peak-load-scope-varies
obs_0035,2024-04,江苏省,ind_mean_temp,17.19,℃,,Nanjing-point-proxy,https://archive-api.open-meteo.com/v1/archive?latitude=32.06&longitude=118.78&start_date=2024-01-01&end_date=2025-12-31&daily=temperature_2m_mean%2Ctemperature_2m_max%2Ctemperature_2m_min%2Cprecipitation_sum%2Cwind_speed_10m_max&timezone=Asia%2FShanghai,reanalysis-point-proxy
obs_0036,2024-04,江苏省,ind_hot_days,0,天,,Nanjing-point-proxy,https://archive-api.open-meteo.com/v1/archive?latitude=32.06&longitude=118.78&start_date=2024-01-01&end_date=2025-12-31&daily=temperature_2m_mean%2Ctemperature_2m_max%2Ctemperature_2m_min%2Cprecipitation_sum%2Cwind_speed_10m_max&timezone=Asia%2FShanghai,reanalysis-point-proxy
obs_0037,2024-04,江苏省,ind_cdd18,15.3,度日,,Nanjing-point-proxy,https://archive-api.open-meteo.com/v1/archive?latitude=32.06&longitude=118.78&start_date=2024-01-01&end_date=2025-12-31&daily=temperature_2m_mean%2Ctemperature_2m_max%2Ctemperature_2m_min%2Cprecipitation_sum%2Cwind_speed_10m_max&timezone=Asia%2FShanghai,reanalysis-point-proxy
obs_0038,2024-04,江苏省,ind_hdd18,39.6,度日,,Nanjing-point-proxy,https://archive-api.open-meteo.com/v1/archive?latitude=32.06&longitude=118.78&start_date=2024-01-01&end_date=2025-12-31&daily=temperature_2m_mean%2Ctemperature_2m_max%2Ctemperature_2m_min%2Cprecipitation_sum%2Cwind_speed_10m_max&timezone=Asia%2FShanghai,reanalysis-point-proxy
obs_0039,2024-04,江苏省,ind_workdays,22,天,,month,国务院办公厅节假日通知,official-calendar
obs_0040,2024-04,江苏省,ind_holiday_days,3,天,,month,国务院办公厅节假日通知,official-calendar
obs_0041,2024-05,江苏省,ind_consumption,650.6,亿千瓦时,6.52,month,https://jsb.nea.gov.cn/dtyw/jgdt/202406/t20240617_264655.html,official-published;peak-load-scope-varies
obs_0042,2024-05,江苏省,ind_generation,551.07,亿千瓦时,5.82,month,https://jsb.nea.gov.cn/dtyw/jgdt/202406/t20240617_264655.html,official-published;peak-load-scope-varies
obs_0043,2024-05,江苏省,ind_capacity,18734.71,万千瓦,,month-end,https://jsb.nea.gov.cn/dtyw/jgdt/202406/t20240617_264655.html,official-published;peak-load-scope-varies
obs_0044,2024-05,江苏省,ind_peak_load,12589.6,万千瓦,20.88,official-reported-scope-varies,https://jsb.nea.gov.cn/dtyw/jgdt/202406/t20240617_264655.html,official-published;peak-load-scope-varies
obs_0045,2024-05,江苏省,ind_mean_temp,20.87,℃,,Nanjing-point-proxy,https://archive-api.open-meteo.com/v1/archive?latitude=32.06&longitude=118.78&start_date=2024-01-01&end_date=2025-12-31&daily=temperature_2m_mean%2Ctemperature_2m_max%2Ctemperature_2m_min%2Cprecipitation_sum%2Cwind_speed_10m_max&timezone=Asia%2FShanghai,reanalysis-point-proxy
obs_0046,2024-05,江苏省,ind_hot_days,0,天,,Nanjing-point-proxy,https://archive-api.open-meteo.com/v1/archive?latitude=32.06&longitude=118.78&start_date=2024-01-01&end_date=2025-12-31&daily=temperature_2m_mean%2Ctemperature_2m_max%2Ctemperature_2m_min%2Cprecipitation_sum%2Cwind_speed_10m_max&timezone=Asia%2FShanghai,reanalysis-point-proxy
obs_0047,2024-05,江苏省,ind_cdd18,94.8,度日,,Nanjing-point-proxy,https://archive-api.open-meteo.com/v1/archive?latitude=32.06&longitude=118.78&start_date=2024-01-01&end_date=2025-12-31&daily=temperature_2m_mean%2Ctemperature_2m_max%2Ctemperature_2m_min%2Cprecipitation_sum%2Cwind_speed_10m_max&timezone=Asia%2FShanghai,reanalysis-point-proxy
obs_0048,2024-05,江苏省,ind_hdd18,5.7,度日,,Nanjing-point-proxy,https://archive-api.open-meteo.com/v1/archive?latitude=32.06&longitude=118.78&start_date=2024-01-01&end_date=2025-12-31&daily=temperature_2m_mean%2Ctemperature_2m_max%2Ctemperature_2m_min%2Cprecipitation_sum%2Cwind_speed_10m_max&timezone=Asia%2FShanghai,reanalysis-point-proxy
obs_0049,2024-05,江苏省,ind_workdays,21,天,,month,国务院办公厅节假日通知,official-calendar
obs_0050,2024-05,江苏省,ind_holiday_days,5,天,,month,国务院办公厅节假日通知,official-calendar
obs_0051,2024-06,江苏省,ind_consumption,688.04,亿千瓦时,5.84,month,https://jsb.nea.gov.cn/dtyw/jgdt/202407/t20240715_266191.html,official-published;peak-load-scope-varies
obs_0052,2024-06,江苏省,ind_generation,528.26,亿千瓦时,-1.26,month,https://jsb.nea.gov.cn/dtyw/jgdt/202407/t20240715_266191.html,official-published;peak-load-scope-varies
obs_0053,2024-06,江苏省,ind_capacity,18980.36,万千瓦,,month-end,https://jsb.nea.gov.cn/dtyw/jgdt/202407/t20240715_266191.html,official-published;peak-load-scope-varies
obs_0054,2024-06,江苏省,ind_peak_load,12589.6,万千瓦,11.62,official-reported-scope-varies,https://jsb.nea.gov.cn/dtyw/jgdt/202407/t20240715_266191.html,official-published;peak-load-scope-varies
obs_0055,2024-06,江苏省,ind_mean_temp,25.16,℃,,Nanjing-point-proxy,https://archive-api.open-meteo.com/v1/archive?latitude=32.06&longitude=118.78&start_date=2024-01-01&end_date=2025-12-31&daily=temperature_2m_mean%2Ctemperature_2m_max%2Ctemperature_2m_min%2Cprecipitation_sum%2Cwind_speed_10m_max&timezone=Asia%2FShanghai,reanalysis-point-proxy
obs_0056,2024-06,江苏省,ind_hot_days,0,天,,Nanjing-point-proxy,https://archive-api.open-meteo.com/v1/archive?latitude=32.06&longitude=118.78&start_date=2024-01-01&end_date=2025-12-31&daily=temperature_2m_mean%2Ctemperature_2m_max%2Ctemperature_2m_min%2Cprecipitation_sum%2Cwind_speed_10m_max&timezone=Asia%2FShanghai,reanalysis-point-proxy
obs_0057,2024-06,江苏省,ind_cdd18,214.7,度日,,Nanjing-point-proxy,https://archive-api.open-meteo.com/v1/archive?latitude=32.06&longitude=118.78&start_date=2024-01-01&end_date=2025-12-31&daily=temperature_2m_mean%2Ctemperature_2m_max%2Ctemperature_2m_min%2Cprecipitation_sum%2Cwind_speed_10m_max&timezone=Asia%2FShanghai,reanalysis-point-proxy
obs_0058,2024-06,江苏省,ind_hdd18,0,度日,,Nanjing-point-proxy,https://archive-api.open-meteo.com/v1/archive?latitude=32.06&longitude=118.78&start_date=2024-01-01&end_date=2025-12-31&daily=temperature_2m_mean%2Ctemperature_2m_max%2Ctemperature_2m_min%2Cprecipitation_sum%2Cwind_speed_10m_max&timezone=Asia%2FShanghai,reanalysis-point-proxy
obs_0059,2024-06,江苏省,ind_workdays,19,天,,month,国务院办公厅节假日通知,official-calendar
obs_0060,2024-06,江苏省,ind_holiday_days,1,天,,month,国务院办公厅节假日通知,official-calendar
obs_0061,2024-07,江苏省,ind_consumption,859.57,亿千瓦时,9.78,month,https://jsb.nea.gov.cn/ztzl/xzxk/zzdt/202408/t20240827_268451.html,official-published;peak-load-scope-varies
obs_0062,2024-07,江苏省,ind_generation,645.06,亿千瓦时,4.05,month,https://jsb.nea.gov.cn/ztzl/xzxk/zzdt/202408/t20240827_268451.html,official-published;peak-load-scope-varies
obs_0063,2024-07,江苏省,ind_capacity,19180.74,万千瓦,,month-end,https://jsb.nea.gov.cn/ztzl/xzxk/zzdt/202408/t20240827_268451.html,official-published;peak-load-scope-varies
obs_0064,2024-07,江苏省,ind_peak_load,14310.0,万千瓦,,official-reported-scope-varies,https://jsb.nea.gov.cn/ztzl/xzxk/zzdt/202408/t20240827_268451.html,official-published;peak-load-scope-varies
obs_0065,2024-07,江苏省,ind_mean_temp,29.19,℃,,Nanjing-point-proxy,https://archive-api.open-meteo.com/v1/archive?latitude=32.06&longitude=118.78&start_date=2024-01-01&end_date=2025-12-31&daily=temperature_2m_mean%2Ctemperature_2m_max%2Ctemperature_2m_min%2Cprecipitation_sum%2Cwind_speed_10m_max&timezone=Asia%2FShanghai,reanalysis-point-proxy
obs_0066,2024-07,江苏省,ind_hot_days,8,天,,Nanjing-point-proxy,https://archive-api.open-meteo.com/v1/archive?latitude=32.06&longitude=118.78&start_date=2024-01-01&end_date=2025-12-31&daily=temperature_2m_mean%2Ctemperature_2m_max%2Ctemperature_2m_min%2Cprecipitation_sum%2Cwind_speed_10m_max&timezone=Asia%2FShanghai,reanalysis-point-proxy
obs_0067,2024-07,江苏省,ind_cdd18,346.8,度日,,Nanjing-point-proxy,https://archive-api.open-meteo.com/v1/archive?latitude=32.06&longitude=118.78&start_date=2024-01-01&end_date=2025-12-31&daily=temperature_2m_mean%2Ctemperature_2m_max%2Ctemperature_2m_min%2Cprecipitation_sum%2Cwind_speed_10m_max&timezone=Asia%2FShanghai,reanalysis-point-proxy
obs_0068,2024-07,江苏省,ind_hdd18,0,度日,,Nanjing-point-proxy,https://archive-api.open-meteo.com/v1/archive?latitude=32.06&longitude=118.78&start_date=2024-01-01&end_date=2025-12-31&daily=temperature_2m_mean%2Ctemperature_2m_max%2Ctemperature_2m_min%2Cprecipitation_sum%2Cwind_speed_10m_max&timezone=Asia%2FShanghai,reanalysis-point-proxy
obs_0069,2024-07,江苏省,ind_workdays,23,天,,month,国务院办公厅节假日通知,official-calendar
obs_0070,2024-07,江苏省,ind_holiday_days,0,天,,month,国务院办公厅节假日通知,official-calendar
obs_0071,2024-08,江苏省,ind_consumption,910.68,亿千瓦时,13.83,month,https://jsb.nea.gov.cn/dtyw/jgdt/202409/t20240914_269559.html,official-published;peak-load-scope-varies
obs_0072,2024-08,江苏省,ind_generation,681.64,亿千瓦时,11.75,month,https://jsb.nea.gov.cn/dtyw/jgdt/202409/t20240914_269559.html,official-published;peak-load-scope-varies
obs_0073,2024-08,江苏省,ind_capacity,19336.27,万千瓦,,month-end,https://jsb.nea.gov.cn/dtyw/jgdt/202409/t20240914_269559.html,official-published;peak-load-scope-varies
obs_0074,2024-08,江苏省,ind_peak_load,14706.0,万千瓦,,official-reported-scope-varies,https://jsb.nea.gov.cn/dtyw/jgdt/202409/t20240914_269559.html,official-published;peak-load-scope-varies
obs_0075,2024-08,江苏省,ind_mean_temp,30.07,℃,,Nanjing-point-proxy,https://archive-api.open-meteo.com/v1/archive?latitude=32.06&longitude=118.78&start_date=2024-01-01&end_date=2025-12-31&daily=temperature_2m_mean%2Ctemperature_2m_max%2Ctemperature_2m_min%2Cprecipitation_sum%2Cwind_speed_10m_max&timezone=Asia%2FShanghai,reanalysis-point-proxy
obs_0076,2024-08,江苏省,ind_hot_days,10,天,,Nanjing-point-proxy,https://archive-api.open-meteo.com/v1/archive?latitude=32.06&longitude=118.78&start_date=2024-01-01&end_date=2025-12-31&daily=temperature_2m_mean%2Ctemperature_2m_max%2Ctemperature_2m_min%2Cprecipitation_sum%2Cwind_speed_10m_max&timezone=Asia%2FShanghai,reanalysis-point-proxy
obs_0077,2024-08,江苏省,ind_cdd18,374.3,度日,,Nanjing-point-proxy,https://archive-api.open-meteo.com/v1/archive?latitude=32.06&longitude=118.78&start_date=2024-01-01&end_date=2025-12-31&daily=temperature_2m_mean%2Ctemperature_2m_max%2Ctemperature_2m_min%2Cprecipitation_sum%2Cwind_speed_10m_max&timezone=Asia%2FShanghai,reanalysis-point-proxy
obs_0078,2024-08,江苏省,ind_hdd18,0,度日,,Nanjing-point-proxy,https://archive-api.open-meteo.com/v1/archive?latitude=32.06&longitude=118.78&start_date=2024-01-01&end_date=2025-12-31&daily=temperature_2m_mean%2Ctemperature_2m_max%2Ctemperature_2m_min%2Cprecipitation_sum%2Cwind_speed_10m_max&timezone=Asia%2FShanghai,reanalysis-point-proxy
obs_0079,2024-08,江苏省,ind_workdays,22,天,,month,国务院办公厅节假日通知,official-calendar
obs_0080,2024-08,江苏省,ind_holiday_days,0,天,,month,国务院办公厅节假日通知,official-calendar
obs_0081,2024-09,江苏省,ind_consumption,765.29,亿千瓦时,13.74,month,https://jsb.nea.gov.cn/dtyw/jgdt/202410/t20241015_270827.html,official-published;peak-load-scope-varies
obs_0082,2024-09,江苏省,ind_generation,598.97,亿千瓦时,17.42,month,https://jsb.nea.gov.cn/dtyw/jgdt/202410/t20241015_270827.html,official-published;peak-load-scope-varies
obs_0083,2024-09,江苏省,ind_capacity,19547.52,万千瓦,,month-end,https://jsb.nea.gov.cn/dtyw/jgdt/202410/t20241015_270827.html,official-published;peak-load-scope-varies
obs_0084,2024-09,江苏省,ind_peak_load,13582.7,万千瓦,10.47,official-reported-scope-varies,https://jsb.nea.gov.cn/dtyw/jgdt/202410/t20241015_270827.html,official-published;peak-load-scope-varies
obs_0085,2024-09,江苏省,ind_mean_temp,26.37,℃,,Nanjing-point-proxy,https://archive-api.open-meteo.com/v1/archive?latitude=32.06&longitude=118.78&start_date=2024-01-01&end_date=2025-12-31&daily=temperature_2m_mean%2Ctemperature_2m_max%2Ctemperature_2m_min%2Cprecipitation_sum%2Cwind_speed_10m_max&timezone=Asia%2FShanghai,reanalysis-point-proxy
obs_0086,2024-09,江苏省,ind_hot_days,1,天,,Nanjing-point-proxy,https://archive-api.open-meteo.com/v1/archive?latitude=32.06&longitude=118.78&start_date=2024-01-01&end_date=2025-12-31&daily=temperature_2m_mean%2Ctemperature_2m_max%2Ctemperature_2m_min%2Cprecipitation_sum%2Cwind_speed_10m_max&timezone=Asia%2FShanghai,reanalysis-point-proxy
obs_0087,2024-09,江苏省,ind_cdd18,251.0,度日,,Nanjing-point-proxy,https://archive-api.open-meteo.com/v1/archive?latitude=32.06&longitude=118.78&start_date=2024-01-01&end_date=2025-12-31&daily=temperature_2m_mean%2Ctemperature_2m_max%2Ctemperature_2m_min%2Cprecipitation_sum%2Cwind_speed_10m_max&timezone=Asia%2FShanghai,reanalysis-point-proxy
obs_0088,2024-09,江苏省,ind_hdd18,0,度日,,Nanjing-point-proxy,https://archive-api.open-meteo.com/v1/archive?latitude=32.06&longitude=118.78&start_date=2024-01-01&end_date=2025-12-31&daily=temperature_2m_mean%2Ctemperature_2m_max%2Ctemperature_2m_min%2Cprecipitation_sum%2Cwind_speed_10m_max&timezone=Asia%2FShanghai,reanalysis-point-proxy
obs_0089,2024-09,江苏省,ind_workdays,21,天,,month,国务院办公厅节假日通知,official-calendar
obs_0090,2024-09,江苏省,ind_holiday_days,3,天,,month,国务院办公厅节假日通知,official-calendar
obs_0091,2024-10,江苏省,ind_consumption,637.14,亿千瓦时,3.46,month,https://jsb.nea.gov.cn/dtyw/jgdt/202411/t20241114_272302.html,official-published;peak-load-scope-varies
obs_0092,2024-10,江苏省,ind_generation,506.69,亿千瓦时,3.53,month,https://jsb.nea.gov.cn/dtyw/jgdt/202411/t20241114_272302.html,official-published;peak-load-scope-varies
obs_0093,2024-10,江苏省,ind_capacity,19701.33,万千瓦,,month-end,https://jsb.nea.gov.cn/dtyw/jgdt/202411/t20241114_272302.html,official-published;peak-load-scope-varies
obs_0094,2024-10,江苏省,ind_peak_load,13582.7,万千瓦,10.47,official-reported-scope-varies,https://jsb.nea.gov.cn/dtyw/jgdt/202411/t20241114_272302.html,official-published;peak-load-scope-varies
obs_0095,2024-10,江苏省,ind_mean_temp,17.51,℃,,Nanjing-point-proxy,https://archive-api.open-meteo.com/v1/archive?latitude=32.06&longitude=118.78&start_date=2024-01-01&end_date=2025-12-31&daily=temperature_2m_mean%2Ctemperature_2m_max%2Ctemperature_2m_min%2Cprecipitation_sum%2Cwind_speed_10m_max&timezone=Asia%2FShanghai,reanalysis-point-proxy
obs_0096,2024-10,江苏省,ind_hot_days,0,天,,Nanjing-point-proxy,https://archive-api.open-meteo.com/v1/archive?latitude=32.06&longitude=118.78&start_date=2024-01-01&end_date=2025-12-31&daily=temperature_2m_mean%2Ctemperature_2m_max%2Ctemperature_2m_min%2Cprecipitation_sum%2Cwind_speed_10m_max&timezone=Asia%2FShanghai,reanalysis-point-proxy
obs_0097,2024-10,江苏省,ind_cdd18,25.8,度日,,Nanjing-point-proxy,https://archive-api.open-meteo.com/v1/archive?latitude=32.06&longitude=118.78&start_date=2024-01-01&end_date=2025-12-31&daily=temperature_2m_mean%2Ctemperature_2m_max%2Ctemperature_2m_min%2Cprecipitation_sum%2Cwind_speed_10m_max&timezone=Asia%2FShanghai,reanalysis-point-proxy
obs_0098,2024-10,江苏省,ind_hdd18,40.9,度日,,Nanjing-point-proxy,https://archive-api.open-meteo.com/v1/archive?latitude=32.06&longitude=118.78&start_date=2024-01-01&end_date=2025-12-31&daily=temperature_2m_mean%2Ctemperature_2m_max%2Ctemperature_2m_min%2Cprecipitation_sum%2Cwind_speed_10m_max&timezone=Asia%2FShanghai,reanalysis-point-proxy
obs_0099,2024-10,江苏省,ind_workdays,19,天,,month,国务院办公厅节假日通知,official-calendar
obs_0100,2024-10,江苏省,ind_holiday_days,7,天,,month,国务院办公厅节假日通知,official-calendar
obs_0101,2024-11,江苏省,ind_consumption,643.74,亿千瓦时,2.33,month,https://jsb.nea.gov.cn/dtyw/jgdt/202412/t20241217_274060.html,official-published;peak-load-scope-varies
obs_0102,2024-11,江苏省,ind_generation,516.47,亿千瓦时,-0.12,month,https://jsb.nea.gov.cn/dtyw/jgdt/202412/t20241217_274060.html,official-published;peak-load-scope-varies
obs_0103,2024-11,江苏省,ind_capacity,19956.59,万千瓦,,month-end,https://jsb.nea.gov.cn/dtyw/jgdt/202412/t20241217_274060.html,official-published;peak-load-scope-varies
obs_0104,2024-11,江苏省,ind_peak_load,13582.7,万千瓦,10.47,official-reported-scope-varies,https://jsb.nea.gov.cn/dtyw/jgdt/202412/t20241217_274060.html,official-published;peak-load-scope-varies
obs_0105,2024-11,江苏省,ind_mean_temp,13.11,℃,,Nanjing-point-proxy,https://archive-api.open-meteo.com/v1/archive?latitude=32.06&longitude=118.78&start_date=2024-01-01&end_date=2025-12-31&daily=temperature_2m_mean%2Ctemperature_2m_max%2Ctemperature_2m_min%2Cprecipitation_sum%2Cwind_speed_10m_max&timezone=Asia%2FShanghai,reanalysis-point-proxy
obs_0106,2024-11,江苏省,ind_hot_days,0,天,,Nanjing-point-proxy,https://archive-api.open-meteo.com/v1/archive?latitude=32.06&longitude=118.78&start_date=2024-01-01&end_date=2025-12-31&daily=temperature_2m_mean%2Ctemperature_2m_max%2Ctemperature_2m_min%2Cprecipitation_sum%2Cwind_speed_10m_max&timezone=Asia%2FShanghai,reanalysis-point-proxy
obs_0107,2024-11,江苏省,ind_cdd18,3.2,度日,,Nanjing-point-proxy,https://archive-api.open-meteo.com/v1/archive?latitude=32.06&longitude=118.78&start_date=2024-01-01&end_date=2025-12-31&daily=temperature_2m_mean%2Ctemperature_2m_max%2Ctemperature_2m_min%2Cprecipitation_sum%2Cwind_speed_10m_max&timezone=Asia%2FShanghai,reanalysis-point-proxy
obs_0108,2024-11,江苏省,ind_hdd18,149.9,度日,,Nanjing-point-proxy,https://archive-api.open-meteo.com/v1/archive?latitude=32.06&longitude=118.78&start_date=2024-01-01&end_date=2025-12-31&daily=temperature_2m_mean%2Ctemperature_2m_max%2Ctemperature_2m_min%2Cprecipitation_sum%2Cwind_speed_10m_max&timezone=Asia%2FShanghai,reanalysis-point-proxy
obs_0109,2024-11,江苏省,ind_workdays,21,天,,month,国务院办公厅节假日通知,official-calendar
obs_0110,2024-11,江苏省,ind_holiday_days,0,天,,month,国务院办公厅节假日通知,official-calendar
obs_0111,2024-12,江苏省,ind_consumption,747.44,亿千瓦时,2.1,month,https://jsb.nea.gov.cn/dtyw/jgdt/202501/t20250120_275540.html,official-published;peak-load-scope-varies
obs_0112,2024-12,江苏省,ind_generation,577.01,亿千瓦时,-1.55,month,https://jsb.nea.gov.cn/dtyw/jgdt/202501/t20250120_275540.html,official-published;peak-load-scope-varies
obs_0113,2024-12,江苏省,ind_capacity,20409.26,万千瓦,,month-end,https://jsb.nea.gov.cn/dtyw/jgdt/202501/t20250120_275540.html,official-published;peak-load-scope-varies
obs_0114,2024-12,江苏省,ind_peak_load,13582.7,万千瓦,3.47,official-reported-scope-varies,https://jsb.nea.gov.cn/dtyw/jgdt/202501/t20250120_275540.html,official-published;peak-load-scope-varies
obs_0115,2024-12,江苏省,ind_mean_temp,5.03,℃,,Nanjing-point-proxy,https://archive-api.open-meteo.com/v1/archive?latitude=32.06&longitude=118.78&start_date=2024-01-01&end_date=2025-12-31&daily=temperature_2m_mean%2Ctemperature_2m_max%2Ctemperature_2m_min%2Cprecipitation_sum%2Cwind_speed_10m_max&timezone=Asia%2FShanghai,reanalysis-point-proxy
obs_0116,2024-12,江苏省,ind_hot_days,0,天,,Nanjing-point-proxy,https://archive-api.open-meteo.com/v1/archive?latitude=32.06&longitude=118.78&start_date=2024-01-01&end_date=2025-12-31&daily=temperature_2m_mean%2Ctemperature_2m_max%2Ctemperature_2m_min%2Cprecipitation_sum%2Cwind_speed_10m_max&timezone=Asia%2FShanghai,reanalysis-point-proxy
obs_0117,2024-12,江苏省,ind_cdd18,0,度日,,Nanjing-point-proxy,https://archive-api.open-meteo.com/v1/archive?latitude=32.06&longitude=118.78&start_date=2024-01-01&end_date=2025-12-31&daily=temperature_2m_mean%2Ctemperature_2m_max%2Ctemperature_2m_min%2Cprecipitation_sum%2Cwind_speed_10m_max&timezone=Asia%2FShanghai,reanalysis-point-proxy
obs_0118,2024-12,江苏省,ind_hdd18,402.2,度日,,Nanjing-point-proxy,https://archive-api.open-meteo.com/v1/archive?latitude=32.06&longitude=118.78&start_date=2024-01-01&end_date=2025-12-31&daily=temperature_2m_mean%2Ctemperature_2m_max%2Ctemperature_2m_min%2Cprecipitation_sum%2Cwind_speed_10m_max&timezone=Asia%2FShanghai,reanalysis-point-proxy
obs_0119,2024-12,江苏省,ind_workdays,22,天,,month,国务院办公厅节假日通知,official-calendar
obs_0120,2024-12,江苏省,ind_holiday_days,0,天,,month,国务院办公厅节假日通知,official-calendar
obs_0121,2025-01,江苏省,ind_consumption,667.07,亿千瓦时,-9.63,month,https://jsb.nea.gov.cn/dtyw/jgdt/202502/t20250217_276674.html,official-published;peak-load-scope-varies
obs_0122,2025-01,江苏省,ind_generation,513.54,亿千瓦时,-12.9,month,https://jsb.nea.gov.cn/dtyw/jgdt/202502/t20250217_276674.html,official-published;peak-load-scope-varies
obs_0123,2025-01,江苏省,ind_capacity,20816.74,万千瓦,,month-end,https://jsb.nea.gov.cn/dtyw/jgdt/202502/t20250217_276674.html,official-published;peak-load-scope-varies
obs_0124,2025-01,江苏省,ind_peak_load,11631.4,万千瓦,-7.61,official-reported-scope-varies,https://jsb.nea.gov.cn/dtyw/jgdt/202502/t20250217_276674.html,official-published;peak-load-scope-varies
obs_0125,2025-01,江苏省,ind_mean_temp,4.98,℃,,Nanjing-point-proxy,https://archive-api.open-meteo.com/v1/archive?latitude=32.06&longitude=118.78&start_date=2024-01-01&end_date=2025-12-31&daily=temperature_2m_mean%2Ctemperature_2m_max%2Ctemperature_2m_min%2Cprecipitation_sum%2Cwind_speed_10m_max&timezone=Asia%2FShanghai,reanalysis-point-proxy
obs_0126,2025-01,江苏省,ind_hot_days,0,天,,Nanjing-point-proxy,https://archive-api.open-meteo.com/v1/archive?latitude=32.06&longitude=118.78&start_date=2024-01-01&end_date=2025-12-31&daily=temperature_2m_mean%2Ctemperature_2m_max%2Ctemperature_2m_min%2Cprecipitation_sum%2Cwind_speed_10m_max&timezone=Asia%2FShanghai,reanalysis-point-proxy
obs_0127,2025-01,江苏省,ind_cdd18,0,度日,,Nanjing-point-proxy,https://archive-api.open-meteo.com/v1/archive?latitude=32.06&longitude=118.78&start_date=2024-01-01&end_date=2025-12-31&daily=temperature_2m_mean%2Ctemperature_2m_max%2Ctemperature_2m_min%2Cprecipitation_sum%2Cwind_speed_10m_max&timezone=Asia%2FShanghai,reanalysis-point-proxy
obs_0128,2025-01,江苏省,ind_hdd18,403.7,度日,,Nanjing-point-proxy,https://archive-api.open-meteo.com/v1/archive?latitude=32.06&longitude=118.78&start_date=2024-01-01&end_date=2025-12-31&daily=temperature_2m_mean%2Ctemperature_2m_max%2Ctemperature_2m_min%2Cprecipitation_sum%2Cwind_speed_10m_max&timezone=Asia%2FShanghai,reanalysis-point-proxy
obs_0129,2025-01,江苏省,ind_workdays,19,天,,month,国务院办公厅节假日通知,official-calendar
obs_0130,2025-01,江苏省,ind_holiday_days,5,天,,month,国务院办公厅节假日通知,official-calendar
obs_0131,2025-02,江苏省,ind_consumption,621.49,亿千瓦时,12.77,month,https://jsb.nea.gov.cn/dtyw/jgdt/202503/t20250321_278422.html,official-published;peak-load-scope-varies
obs_0132,2025-02,江苏省,ind_generation,496.73,亿千瓦时,10.38,month,https://jsb.nea.gov.cn/dtyw/jgdt/202503/t20250321_278422.html,official-published;peak-load-scope-varies
obs_0133,2025-02,江苏省,ind_capacity,20943.85,万千瓦,,month-end,https://jsb.nea.gov.cn/dtyw/jgdt/202503/t20250321_278422.html,official-published;peak-load-scope-varies
obs_0134,2025-02,江苏省,ind_peak_load,11631.4,万千瓦,-7.61,official-reported-scope-varies,https://jsb.nea.gov.cn/dtyw/jgdt/202503/t20250321_278422.html,official-published;peak-load-scope-varies
obs_0135,2025-02,江苏省,ind_mean_temp,5.67,℃,,Nanjing-point-proxy,https://archive-api.open-meteo.com/v1/archive?latitude=32.06&longitude=118.78&start_date=2024-01-01&end_date=2025-12-31&daily=temperature_2m_mean%2Ctemperature_2m_max%2Ctemperature_2m_min%2Cprecipitation_sum%2Cwind_speed_10m_max&timezone=Asia%2FShanghai,reanalysis-point-proxy
obs_0136,2025-02,江苏省,ind_hot_days,0,天,,Nanjing-point-proxy,https://archive-api.open-meteo.com/v1/archive?latitude=32.06&longitude=118.78&start_date=2024-01-01&end_date=2025-12-31&daily=temperature_2m_mean%2Ctemperature_2m_max%2Ctemperature_2m_min%2Cprecipitation_sum%2Cwind_speed_10m_max&timezone=Asia%2FShanghai,reanalysis-point-proxy
obs_0137,2025-02,江苏省,ind_cdd18,0,度日,,Nanjing-point-proxy,https://archive-api.open-meteo.com/v1/archive?latitude=32.06&longitude=118.78&start_date=2024-01-01&end_date=2025-12-31&daily=temperature_2m_mean%2Ctemperature_2m_max%2Ctemperature_2m_min%2Cprecipitation_sum%2Cwind_speed_10m_max&timezone=Asia%2FShanghai,reanalysis-point-proxy
obs_0138,2025-02,江苏省,ind_hdd18,345.3,度日,,Nanjing-point-proxy,https://archive-api.open-meteo.com/v1/archive?latitude=32.06&longitude=118.78&start_date=2024-01-01&end_date=2025-12-31&daily=temperature_2m_mean%2Ctemperature_2m_max%2Ctemperature_2m_min%2Cprecipitation_sum%2Cwind_speed_10m_max&timezone=Asia%2FShanghai,reanalysis-point-proxy
obs_0139,2025-02,江苏省,ind_workdays,19,天,,month,国务院办公厅节假日通知,official-calendar
obs_0140,2025-02,江苏省,ind_holiday_days,4,天,,month,国务院办公厅节假日通知,official-calendar
obs_0141,2025-03,江苏省,ind_consumption,704.06,亿千瓦时,4.31,month,https://jsb.nea.gov.cn/dtyw/jgdt/202504/t20250417_279734.html,official-published;peak-load-scope-varies
obs_0142,2025-03,江苏省,ind_generation,555.66,亿千瓦时,1.33,month,https://jsb.nea.gov.cn/dtyw/jgdt/202504/t20250417_279734.html,official-published;peak-load-scope-varies
obs_0143,2025-03,江苏省,ind_capacity,21196.66,万千瓦,,month-end,https://jsb.nea.gov.cn/dtyw/jgdt/202504/t20250417_279734.html,official-published;peak-load-scope-varies
obs_0144,2025-03,江苏省,ind_peak_load,11631.4,万千瓦,-7.61,official-reported-scope-varies,https://jsb.nea.gov.cn/dtyw/jgdt/202504/t20250417_279734.html,official-published;peak-load-scope-varies
obs_0145,2025-03,江苏省,ind_mean_temp,12.09,℃,,Nanjing-point-proxy,https://archive-api.open-meteo.com/v1/archive?latitude=32.06&longitude=118.78&start_date=2024-01-01&end_date=2025-12-31&daily=temperature_2m_mean%2Ctemperature_2m_max%2Ctemperature_2m_min%2Cprecipitation_sum%2Cwind_speed_10m_max&timezone=Asia%2FShanghai,reanalysis-point-proxy
obs_0146,2025-03,江苏省,ind_hot_days,0,天,,Nanjing-point-proxy,https://archive-api.open-meteo.com/v1/archive?latitude=32.06&longitude=118.78&start_date=2024-01-01&end_date=2025-12-31&daily=temperature_2m_mean%2Ctemperature_2m_max%2Ctemperature_2m_min%2Cprecipitation_sum%2Cwind_speed_10m_max&timezone=Asia%2FShanghai,reanalysis-point-proxy
obs_0147,2025-03,江苏省,ind_cdd18,15.4,度日,,Nanjing-point-proxy,https://archive-api.open-meteo.com/v1/archive?latitude=32.06&longitude=118.78&start_date=2024-01-01&end_date=2025-12-31&daily=temperature_2m_mean%2Ctemperature_2m_max%2Ctemperature_2m_min%2Cprecipitation_sum%2Cwind_speed_10m_max&timezone=Asia%2FShanghai,reanalysis-point-proxy
obs_0148,2025-03,江苏省,ind_hdd18,198.5,度日,,Nanjing-point-proxy,https://archive-api.open-meteo.com/v1/archive?latitude=32.06&longitude=118.78&start_date=2024-01-01&end_date=2025-12-31&daily=temperature_2m_mean%2Ctemperature_2m_max%2Ctemperature_2m_min%2Cprecipitation_sum%2Cwind_speed_10m_max&timezone=Asia%2FShanghai,reanalysis-point-proxy
obs_0149,2025-03,江苏省,ind_workdays,21,天,,month,国务院办公厅节假日通知,official-calendar
obs_0150,2025-03,江苏省,ind_holiday_days,0,天,,month,国务院办公厅节假日通知,official-calendar
obs_0151,2025-04,江苏省,ind_consumption,648.19,亿千瓦时,4.51,month,https://jsb.nea.gov.cn/dtyw/jgdt/202505/t20250519_281184.html,official-published;peak-load-scope-varies
obs_0152,2025-04,江苏省,ind_generation,520.79,亿千瓦时,2.0,month,https://jsb.nea.gov.cn/dtyw/jgdt/202505/t20250519_281184.html,official-published;peak-load-scope-varies
obs_0153,2025-04,江苏省,ind_capacity,21912.07,万千瓦,,month-end,https://jsb.nea.gov.cn/dtyw/jgdt/202505/t20250519_281184.html,official-published;peak-load-scope-varies
obs_0154,2025-04,江苏省,ind_peak_load,11631.4,万千瓦,-7.61,official-reported-scope-varies,https://jsb.nea.gov.cn/dtyw/jgdt/202505/t20250519_281184.html,official-published;peak-load-scope-varies
obs_0155,2025-04,江苏省,ind_mean_temp,20.06,℃,,Nanjing-point-proxy,https://archive-api.open-meteo.com/v1/archive?latitude=32.06&longitude=118.78&start_date=2024-01-01&end_date=2025-12-31&daily=temperature_2m_mean%2Ctemperature_2m_max%2Ctemperature_2m_min%2Cprecipitation_sum%2Cwind_speed_10m_max&timezone=Asia%2FShanghai,reanalysis-point-proxy
obs_0156,2025-04,江苏省,ind_hot_days,0,天,,Nanjing-point-proxy,https://archive-api.open-meteo.com/v1/archive?latitude=32.06&longitude=118.78&start_date=2024-01-01&end_date=2025-12-31&daily=temperature_2m_mean%2Ctemperature_2m_max%2Ctemperature_2m_min%2Cprecipitation_sum%2Cwind_speed_10m_max&timezone=Asia%2FShanghai,reanalysis-point-proxy
obs_0157,2025-04,江苏省,ind_cdd18,81.9,度日,,Nanjing-point-proxy,https://archive-api.open-meteo.com/v1/archive?latitude=32.06&longitude=118.78&start_date=2024-01-01&end_date=2025-12-31&daily=temperature_2m_mean%2Ctemperature_2m_max%2Ctemperature_2m_min%2Cprecipitation_sum%2Cwind_speed_10m_max&timezone=Asia%2FShanghai,reanalysis-point-proxy
obs_0158,2025-04,江苏省,ind_hdd18,20.2,度日,,Nanjing-point-proxy,https://archive-api.open-meteo.com/v1/archive?latitude=32.06&longitude=118.78&start_date=2024-01-01&end_date=2025-12-31&daily=temperature_2m_mean%2Ctemperature_2m_max%2Ctemperature_2m_min%2Cprecipitation_sum%2Cwind_speed_10m_max&timezone=Asia%2FShanghai,reanalysis-point-proxy
obs_0159,2025-04,江苏省,ind_workdays,22,天,,month,国务院办公厅节假日通知,official-calendar
obs_0160,2025-04,江苏省,ind_holiday_days,3,天,,month,国务院办公厅节假日通知,official-calendar
obs_0161,2025-05,江苏省,ind_consumption,674.99,亿千瓦时,3.75,month,https://jsb.nea.gov.cn/dtyw/jgdt/202506/t20250618_283056.html,official-published;peak-load-scope-varies
obs_0162,2025-05,江苏省,ind_generation,561.17,亿千瓦时,1.83,month,https://jsb.nea.gov.cn/dtyw/jgdt/202506/t20250618_283056.html,official-published;peak-load-scope-varies
obs_0163,2025-05,江苏省,ind_capacity,22662.22,万千瓦,,month-end,https://jsb.nea.gov.cn/dtyw/jgdt/202506/t20250618_283056.html,official-published;peak-load-scope-varies
obs_0164,2025-05,江苏省,ind_peak_load,11631.4,万千瓦,-7.61,official-reported-scope-varies,https://jsb.nea.gov.cn/dtyw/jgdt/202506/t20250618_283056.html,official-published;peak-load-scope-varies
obs_0165,2025-05,江苏省,ind_mean_temp,22.74,℃,,Nanjing-point-proxy,https://archive-api.open-meteo.com/v1/archive?latitude=32.06&longitude=118.78&start_date=2024-01-01&end_date=2025-12-31&daily=temperature_2m_mean%2Ctemperature_2m_max%2Ctemperature_2m_min%2Cprecipitation_sum%2Cwind_speed_10m_max&timezone=Asia%2FShanghai,reanalysis-point-proxy
obs_0166,2025-05,江苏省,ind_hot_days,0,天,,Nanjing-point-proxy,https://archive-api.open-meteo.com/v1/archive?latitude=32.06&longitude=118.78&start_date=2024-01-01&end_date=2025-12-31&daily=temperature_2m_mean%2Ctemperature_2m_max%2Ctemperature_2m_min%2Cprecipitation_sum%2Cwind_speed_10m_max&timezone=Asia%2FShanghai,reanalysis-point-proxy
obs_0167,2025-05,江苏省,ind_cdd18,146.9,度日,,Nanjing-point-proxy,https://archive-api.open-meteo.com/v1/archive?latitude=32.06&longitude=118.78&start_date=2024-01-01&end_date=2025-12-31&daily=temperature_2m_mean%2Ctemperature_2m_max%2Ctemperature_2m_min%2Cprecipitation_sum%2Cwind_speed_10m_max&timezone=Asia%2FShanghai,reanalysis-point-proxy
obs_0168,2025-05,江苏省,ind_hdd18,0.0,度日,,Nanjing-point-proxy,https://archive-api.open-meteo.com/v1/archive?latitude=32.06&longitude=118.78&start_date=2024-01-01&end_date=2025-12-31&daily=temperature_2m_mean%2Ctemperature_2m_max%2Ctemperature_2m_min%2Cprecipitation_sum%2Cwind_speed_10m_max&timezone=Asia%2FShanghai,reanalysis-point-proxy
obs_0169,2025-05,江苏省,ind_workdays,19,天,,month,国务院办公厅节假日通知,official-calendar
obs_0170,2025-05,江苏省,ind_holiday_days,6,天,,month,国务院办公厅节假日通知,official-calendar
obs_0171,2025-06,江苏省,ind_consumption,737.21,亿千瓦时,7.15,month,https://jsb.nea.gov.cn/dtyw/jgdt/202507/t20250718_284530.html,official-published;peak-load-scope-varies
obs_0172,2025-06,江苏省,ind_generation,567.13,亿千瓦时,7.36,month,https://jsb.nea.gov.cn/dtyw/jgdt/202507/t20250718_284530.html,official-published;peak-load-scope-varies
obs_0173,2025-06,江苏省,ind_capacity,22816.93,万千瓦,,month-end,https://jsb.nea.gov.cn/dtyw/jgdt/202507/t20250718_284530.html,official-published;peak-load-scope-varies
obs_0174,2025-06,江苏省,ind_peak_load,12200.8,万千瓦,-3.09,official-reported-scope-varies,https://jsb.nea.gov.cn/dtyw/jgdt/202507/t20250718_284530.html,official-published;peak-load-scope-varies
obs_0175,2025-06,江苏省,ind_mean_temp,25.17,℃,,Nanjing-point-proxy,https://archive-api.open-meteo.com/v1/archive?latitude=32.06&longitude=118.78&start_date=2024-01-01&end_date=2025-12-31&daily=temperature_2m_mean%2Ctemperature_2m_max%2Ctemperature_2m_min%2Cprecipitation_sum%2Cwind_speed_10m_max&timezone=Asia%2FShanghai,reanalysis-point-proxy
obs_0176,2025-06,江苏省,ind_hot_days,0,天,,Nanjing-point-proxy,https://archive-api.open-meteo.com/v1/archive?latitude=32.06&longitude=118.78&start_date=2024-01-01&end_date=2025-12-31&daily=temperature_2m_mean%2Ctemperature_2m_max%2Ctemperature_2m_min%2Cprecipitation_sum%2Cwind_speed_10m_max&timezone=Asia%2FShanghai,reanalysis-point-proxy
obs_0177,2025-06,江苏省,ind_cdd18,215.0,度日,,Nanjing-point-proxy,https://archive-api.open-meteo.com/v1/archive?latitude=32.06&longitude=118.78&start_date=2024-01-01&end_date=2025-12-31&daily=temperature_2m_mean%2Ctemperature_2m_max%2Ctemperature_2m_min%2Cprecipitation_sum%2Cwind_speed_10m_max&timezone=Asia%2FShanghai,reanalysis-point-proxy
obs_0178,2025-06,江苏省,ind_hdd18,0,度日,,Nanjing-point-proxy,https://archive-api.open-meteo.com/v1/archive?latitude=32.06&longitude=118.78&start_date=2024-01-01&end_date=2025-12-31&daily=temperature_2m_mean%2Ctemperature_2m_max%2Ctemperature_2m_min%2Cprecipitation_sum%2Cwind_speed_10m_max&timezone=Asia%2FShanghai,reanalysis-point-proxy
obs_0179,2025-06,江苏省,ind_workdays,20,天,,month,国务院办公厅节假日通知,official-calendar
obs_0180,2025-06,江苏省,ind_holiday_days,2,天,,month,国务院办公厅节假日通知,official-calendar
obs_0181,2025-07,江苏省,ind_consumption,932.98,亿千瓦时,8.54,month,https://jsb.nea.gov.cn/dtyw/jgdt/202508/t20250819_285911.html,official-published;peak-load-scope-varies
obs_0182,2025-07,江苏省,ind_generation,746.08,亿千瓦时,15.66,month,https://jsb.nea.gov.cn/dtyw/jgdt/202508/t20250819_285911.html,official-published;peak-load-scope-varies
obs_0183,2025-07,江苏省,ind_capacity,23259.46,万千瓦,,month-end,https://jsb.nea.gov.cn/dtyw/jgdt/202508/t20250819_285911.html,official-published;peak-load-scope-varies
obs_0184,2025-07,江苏省,ind_peak_load,13888.2,万千瓦,-2.25,official-reported-scope-varies,https://jsb.nea.gov.cn/dtyw/jgdt/202508/t20250819_285911.html,official-published;peak-load-scope-varies
obs_0185,2025-07,江苏省,ind_mean_temp,30.58,℃,,Nanjing-point-proxy,https://archive-api.open-meteo.com/v1/archive?latitude=32.06&longitude=118.78&start_date=2024-01-01&end_date=2025-12-31&daily=temperature_2m_mean%2Ctemperature_2m_max%2Ctemperature_2m_min%2Cprecipitation_sum%2Cwind_speed_10m_max&timezone=Asia%2FShanghai,reanalysis-point-proxy
obs_0186,2025-07,江苏省,ind_hot_days,17,天,,Nanjing-point-proxy,https://archive-api.open-meteo.com/v1/archive?latitude=32.06&longitude=118.78&start_date=2024-01-01&end_date=2025-12-31&daily=temperature_2m_mean%2Ctemperature_2m_max%2Ctemperature_2m_min%2Cprecipitation_sum%2Cwind_speed_10m_max&timezone=Asia%2FShanghai,reanalysis-point-proxy
obs_0187,2025-07,江苏省,ind_cdd18,390.1,度日,,Nanjing-point-proxy,https://archive-api.open-meteo.com/v1/archive?latitude=32.06&longitude=118.78&start_date=2024-01-01&end_date=2025-12-31&daily=temperature_2m_mean%2Ctemperature_2m_max%2Ctemperature_2m_min%2Cprecipitation_sum%2Cwind_speed_10m_max&timezone=Asia%2FShanghai,reanalysis-point-proxy
obs_0188,2025-07,江苏省,ind_hdd18,0,度日,,Nanjing-point-proxy,https://archive-api.open-meteo.com/v1/archive?latitude=32.06&longitude=118.78&start_date=2024-01-01&end_date=2025-12-31&daily=temperature_2m_mean%2Ctemperature_2m_max%2Ctemperature_2m_min%2Cprecipitation_sum%2Cwind_speed_10m_max&timezone=Asia%2FShanghai,reanalysis-point-proxy
obs_0189,2025-07,江苏省,ind_workdays,23,天,,month,国务院办公厅节假日通知,official-calendar
obs_0190,2025-07,江苏省,ind_holiday_days,0,天,,month,国务院办公厅节假日通知,official-calendar
obs_0191,2025-08,江苏省,ind_consumption,944.26,亿千瓦时,3.69,month,https://jsb.nea.gov.cn/dtyw/jgdt/202509/t20250919_287691.html,official-published;peak-load-scope-varies
obs_0192,2025-08,江苏省,ind_generation,753.65,亿千瓦时,10.56,month,https://jsb.nea.gov.cn/dtyw/jgdt/202509/t20250919_287691.html,official-published;peak-load-scope-varies
obs_0193,2025-08,江苏省,ind_capacity,23312.42,万千瓦,,month-end,https://jsb.nea.gov.cn/dtyw/jgdt/202509/t20250919_287691.html,official-published;peak-load-scope-varies
obs_0194,2025-08,江苏省,ind_peak_load,14405.5,万千瓦,-6.06,official-reported-scope-varies,https://jsb.nea.gov.cn/dtyw/jgdt/202509/t20250919_287691.html,official-published;peak-load-scope-varies
obs_0195,2025-08,江苏省,ind_mean_temp,30.02,℃,,Nanjing-point-proxy,https://archive-api.open-meteo.com/v1/archive?latitude=32.06&longitude=118.78&start_date=2024-01-01&end_date=2025-12-31&daily=temperature_2m_mean%2Ctemperature_2m_max%2Ctemperature_2m_min%2Cprecipitation_sum%2Cwind_speed_10m_max&timezone=Asia%2FShanghai,reanalysis-point-proxy
obs_0196,2025-08,江苏省,ind_hot_days,13,天,,Nanjing-point-proxy,https://archive-api.open-meteo.com/v1/archive?latitude=32.06&longitude=118.78&start_date=2024-01-01&end_date=2025-12-31&daily=temperature_2m_mean%2Ctemperature_2m_max%2Ctemperature_2m_min%2Cprecipitation_sum%2Cwind_speed_10m_max&timezone=Asia%2FShanghai,reanalysis-point-proxy
obs_0197,2025-08,江苏省,ind_cdd18,372.7,度日,,Nanjing-point-proxy,https://archive-api.open-meteo.com/v1/archive?latitude=32.06&longitude=118.78&start_date=2024-01-01&end_date=2025-12-31&daily=temperature_2m_mean%2Ctemperature_2m_max%2Ctemperature_2m_min%2Cprecipitation_sum%2Cwind_speed_10m_max&timezone=Asia%2FShanghai,reanalysis-point-proxy
obs_0198,2025-08,江苏省,ind_hdd18,0,度日,,Nanjing-point-proxy,https://archive-api.open-meteo.com/v1/archive?latitude=32.06&longitude=118.78&start_date=2024-01-01&end_date=2025-12-31&daily=temperature_2m_mean%2Ctemperature_2m_max%2Ctemperature_2m_min%2Cprecipitation_sum%2Cwind_speed_10m_max&timezone=Asia%2FShanghai,reanalysis-point-proxy
obs_0199,2025-08,江苏省,ind_workdays,21,天,,month,国务院办公厅节假日通知,official-calendar
obs_0200,2025-08,江苏省,ind_holiday_days,0,天,,month,国务院办公厅节假日通知,official-calendar
obs_0201,2025-09,江苏省,ind_consumption,806.9,亿千瓦时,5.44,month,https://jsb.nea.gov.cn/dtyw/jgdt/202510/t20251016_288812.html,official-published;peak-load-scope-varies
obs_0202,2025-09,江苏省,ind_generation,621.88,亿千瓦时,3.83,month,https://jsb.nea.gov.cn/dtyw/jgdt/202510/t20251016_288812.html,official-published;peak-load-scope-varies
obs_0203,2025-09,江苏省,ind_capacity,23657.07,万千瓦,,month-end,https://jsb.nea.gov.cn/dtyw/jgdt/202510/t20251016_288812.html,official-published;peak-load-scope-varies
obs_0204,2025-09,江苏省,ind_peak_load,14405.5,万千瓦,-6.06,official-reported-scope-varies,https://jsb.nea.gov.cn/dtyw/jgdt/202510/t20251016_288812.html,official-published;peak-load-scope-varies
obs_0205,2025-09,江苏省,ind_mean_temp,25.56,℃,,Nanjing-point-proxy,https://archive-api.open-meteo.com/v1/archive?latitude=32.06&longitude=118.78&start_date=2024-01-01&end_date=2025-12-31&daily=temperature_2m_mean%2Ctemperature_2m_max%2Ctemperature_2m_min%2Cprecipitation_sum%2Cwind_speed_10m_max&timezone=Asia%2FShanghai,reanalysis-point-proxy
obs_0206,2025-09,江苏省,ind_hot_days,0,天,,Nanjing-point-proxy,https://archive-api.open-meteo.com/v1/archive?latitude=32.06&longitude=118.78&start_date=2024-01-01&end_date=2025-12-31&daily=temperature_2m_mean%2Ctemperature_2m_max%2Ctemperature_2m_min%2Cprecipitation_sum%2Cwind_speed_10m_max&timezone=Asia%2FShanghai,reanalysis-point-proxy
obs_0207,2025-09,江苏省,ind_cdd18,226.8,度日,,Nanjing-point-proxy,https://archive-api.open-meteo.com/v1/archive?latitude=32.06&longitude=118.78&start_date=2024-01-01&end_date=2025-12-31&daily=temperature_2m_mean%2Ctemperature_2m_max%2Ctemperature_2m_min%2Cprecipitation_sum%2Cwind_speed_10m_max&timezone=Asia%2FShanghai,reanalysis-point-proxy
obs_0208,2025-09,江苏省,ind_hdd18,0,度日,,Nanjing-point-proxy,https://archive-api.open-meteo.com/v1/archive?latitude=32.06&longitude=118.78&start_date=2024-01-01&end_date=2025-12-31&daily=temperature_2m_mean%2Ctemperature_2m_max%2Ctemperature_2m_min%2Cprecipitation_sum%2Cwind_speed_10m_max&timezone=Asia%2FShanghai,reanalysis-point-proxy
obs_0209,2025-09,江苏省,ind_workdays,23,天,,month,国务院办公厅节假日通知,official-calendar
obs_0210,2025-09,江苏省,ind_holiday_days,0,天,,month,国务院办公厅节假日通知,official-calendar
obs_0211,2025-10,江苏省,ind_consumption,715.86,亿千瓦时,12.35,month,https://jsb.nea.gov.cn/dtyw/jgdt/202511/t20251118_290592.html,official-published;peak-load-scope-varies
obs_0212,2025-10,江苏省,ind_generation,584.23,亿千瓦时,15.3,month,https://jsb.nea.gov.cn/dtyw/jgdt/202511/t20251118_290592.html,official-published;peak-load-scope-varies
obs_0213,2025-10,江苏省,ind_capacity,23758.65,万千瓦,,month-end,https://jsb.nea.gov.cn/dtyw/jgdt/202511/t20251118_290592.html,official-published;peak-load-scope-varies
obs_0214,2025-10,江苏省,ind_peak_load,14405.5,万千瓦,6.06,official-reported-scope-varies,https://jsb.nea.gov.cn/dtyw/jgdt/202511/t20251118_290592.html,official-published;peak-load-scope-varies
obs_0215,2025-10,江苏省,ind_mean_temp,19.58,℃,,Nanjing-point-proxy,https://archive-api.open-meteo.com/v1/archive?latitude=32.06&longitude=118.78&start_date=2024-01-01&end_date=2025-12-31&daily=temperature_2m_mean%2Ctemperature_2m_max%2Ctemperature_2m_min%2Cprecipitation_sum%2Cwind_speed_10m_max&timezone=Asia%2FShanghai,reanalysis-point-proxy
obs_0216,2025-10,江苏省,ind_hot_days,0,天,,Nanjing-point-proxy,https://archive-api.open-meteo.com/v1/archive?latitude=32.06&longitude=118.78&start_date=2024-01-01&end_date=2025-12-31&daily=temperature_2m_mean%2Ctemperature_2m_max%2Ctemperature_2m_min%2Cprecipitation_sum%2Cwind_speed_10m_max&timezone=Asia%2FShanghai,reanalysis-point-proxy
obs_0217,2025-10,江苏省,ind_cdd18,100.4,度日,,Nanjing-point-proxy,https://archive-api.open-meteo.com/v1/archive?latitude=32.06&longitude=118.78&start_date=2024-01-01&end_date=2025-12-31&daily=temperature_2m_mean%2Ctemperature_2m_max%2Ctemperature_2m_min%2Cprecipitation_sum%2Cwind_speed_10m_max&timezone=Asia%2FShanghai,reanalysis-point-proxy
obs_0218,2025-10,江苏省,ind_hdd18,51.5,度日,,Nanjing-point-proxy,https://archive-api.open-meteo.com/v1/archive?latitude=32.06&longitude=118.78&start_date=2024-01-01&end_date=2025-12-31&daily=temperature_2m_mean%2Ctemperature_2m_max%2Ctemperature_2m_min%2Cprecipitation_sum%2Cwind_speed_10m_max&timezone=Asia%2FShanghai,reanalysis-point-proxy
obs_0219,2025-10,江苏省,ind_workdays,18,天,,month,国务院办公厅节假日通知,official-calendar
obs_0220,2025-10,江苏省,ind_holiday_days,8,天,,month,国务院办公厅节假日通知,official-calendar
obs_0221,2025-11,江苏省,ind_consumption,686.45,亿千瓦时,6.63,month,https://jsb.nea.gov.cn/dtyw/jgdt/202512/t20251218_292547.html,official-published;peak-load-scope-varies
obs_0222,2025-11,江苏省,ind_generation,568.48,亿千瓦时,10.07,month,https://jsb.nea.gov.cn/dtyw/jgdt/202512/t20251218_292547.html,official-published;peak-load-scope-varies
obs_0223,2025-11,江苏省,ind_capacity,23924.71,万千瓦,,month-end,https://jsb.nea.gov.cn/dtyw/jgdt/202512/t20251218_292547.html,official-published;peak-load-scope-varies
obs_0224,2025-11,江苏省,ind_peak_load,14405.5,万千瓦,6.06,official-reported-scope-varies,https://jsb.nea.gov.cn/dtyw/jgdt/202512/t20251218_292547.html,official-published;peak-load-scope-varies
obs_0225,2025-11,江苏省,ind_mean_temp,12.06,℃,,Nanjing-point-proxy,https://archive-api.open-meteo.com/v1/archive?latitude=32.06&longitude=118.78&start_date=2024-01-01&end_date=2025-12-31&daily=temperature_2m_mean%2Ctemperature_2m_max%2Ctemperature_2m_min%2Cprecipitation_sum%2Cwind_speed_10m_max&timezone=Asia%2FShanghai,reanalysis-point-proxy
obs_0226,2025-11,江苏省,ind_hot_days,0,天,,Nanjing-point-proxy,https://archive-api.open-meteo.com/v1/archive?latitude=32.06&longitude=118.78&start_date=2024-01-01&end_date=2025-12-31&daily=temperature_2m_mean%2Ctemperature_2m_max%2Ctemperature_2m_min%2Cprecipitation_sum%2Cwind_speed_10m_max&timezone=Asia%2FShanghai,reanalysis-point-proxy
obs_0227,2025-11,江苏省,ind_cdd18,0,度日,,Nanjing-point-proxy,https://archive-api.open-meteo.com/v1/archive?latitude=32.06&longitude=118.78&start_date=2024-01-01&end_date=2025-12-31&daily=temperature_2m_mean%2Ctemperature_2m_max%2Ctemperature_2m_min%2Cprecipitation_sum%2Cwind_speed_10m_max&timezone=Asia%2FShanghai,reanalysis-point-proxy
obs_0228,2025-11,江苏省,ind_hdd18,178.1,度日,,Nanjing-point-proxy,https://archive-api.open-meteo.com/v1/archive?latitude=32.06&longitude=118.78&start_date=2024-01-01&end_date=2025-12-31&daily=temperature_2m_mean%2Ctemperature_2m_max%2Ctemperature_2m_min%2Cprecipitation_sum%2Cwind_speed_10m_max&timezone=Asia%2FShanghai,reanalysis-point-proxy
obs_0229,2025-11,江苏省,ind_workdays,20,天,,month,国务院办公厅节假日通知,official-calendar
obs_0230,2025-11,江苏省,ind_holiday_days,0,天,,month,国务院办公厅节假日通知,official-calendar
obs_0231,2025-12,江苏省,ind_consumption,755.96,亿千瓦时,1.14,month,https://jsb.nea.gov.cn/dtyw/jgdt/202601/t20260116_294284.html,official-published;peak-load-scope-varies
obs_0232,2025-12,江苏省,ind_generation,593.48,亿千瓦时,2.86,month,https://jsb.nea.gov.cn/dtyw/jgdt/202601/t20260116_294284.html,official-published;peak-load-scope-varies
obs_0233,2025-12,江苏省,ind_capacity,24535.31,万千瓦,,month-end,https://jsb.nea.gov.cn/dtyw/jgdt/202601/t20260116_294284.html,official-published;peak-load-scope-varies
obs_0234,2025-12,江苏省,ind_peak_load,14405.5,万千瓦,6.06,official-reported-scope-varies,https://jsb.nea.gov.cn/dtyw/jgdt/202601/t20260116_294284.html,official-published;peak-load-scope-varies
obs_0235,2025-12,江苏省,ind_mean_temp,7.37,℃,,Nanjing-point-proxy,https://archive-api.open-meteo.com/v1/archive?latitude=32.06&longitude=118.78&start_date=2024-01-01&end_date=2025-12-31&daily=temperature_2m_mean%2Ctemperature_2m_max%2Ctemperature_2m_min%2Cprecipitation_sum%2Cwind_speed_10m_max&timezone=Asia%2FShanghai,reanalysis-point-proxy
obs_0236,2025-12,江苏省,ind_hot_days,0,天,,Nanjing-point-proxy,https://archive-api.open-meteo.com/v1/archive?latitude=32.06&longitude=118.78&start_date=2024-01-01&end_date=2025-12-31&daily=temperature_2m_mean%2Ctemperature_2m_max%2Ctemperature_2m_min%2Cprecipitation_sum%2Cwind_speed_10m_max&timezone=Asia%2FShanghai,reanalysis-point-proxy
obs_0237,2025-12,江苏省,ind_cdd18,0,度日,,Nanjing-point-proxy,https://archive-api.open-meteo.com/v1/archive?latitude=32.06&longitude=118.78&start_date=2024-01-01&end_date=2025-12-31&daily=temperature_2m_mean%2Ctemperature_2m_max%2Ctemperature_2m_min%2Cprecipitation_sum%2Cwind_speed_10m_max&timezone=Asia%2FShanghai,reanalysis-point-proxy
obs_0238,2025-12,江苏省,ind_hdd18,329.4,度日,,Nanjing-point-proxy,https://archive-api.open-meteo.com/v1/archive?latitude=32.06&longitude=118.78&start_date=2024-01-01&end_date=2025-12-31&daily=temperature_2m_mean%2Ctemperature_2m_max%2Ctemperature_2m_min%2Cprecipitation_sum%2Cwind_speed_10m_max&timezone=Asia%2FShanghai,reanalysis-point-proxy
obs_0239,2025-12,江苏省,ind_workdays,23,天,,month,国务院办公厅节假日通知,official-calendar
obs_0240,2025-12,江苏省,ind_holiday_days,0,天,,month,国务院办公厅节假日通知,official-calendar
obs_0241,2024-Q1,江苏省,ind_gdp,31020.41,亿元,6.2,quarterly-cumulative,https://tj.jiangsu.gov.cn/art/2024/4/22/art_85276_11223931.html,official-published
obs_0242,2024-Q1,江苏省,ind_secondary_gdp,13132.9,亿元,,quarterly-cumulative,https://tj.jiangsu.gov.cn/art/2024/4/22/art_85276_11223931.html,official-published
obs_0243,2024-Q1,江苏省,ind_tertiary_gdp,17248.81,亿元,,quarterly-cumulative,https://tj.jiangsu.gov.cn/art/2024/4/22/art_85276_11223931.html,official-published
obs_0244,2024-Q2,江苏省,ind_gdp,63326.3,亿元,5.8,quarterly-cumulative,https://www.jiangsu.gov.cn/art/2024/7/24/art_34151_11305109.html,official-published
obs_0245,2024-Q2,江苏省,ind_secondary_gdp,27709.7,亿元,,quarterly-cumulative,https://www.jiangsu.gov.cn/art/2024/7/24/art_34151_11305109.html,official-published
obs_0246,2024-Q2,江苏省,ind_tertiary_gdp,33880.4,亿元,,quarterly-cumulative,https://www.jiangsu.gov.cn/art/2024/7/24/art_34151_11305109.html,official-published
obs_0247,2024-Q3,江苏省,ind_gdp,97744.3,亿元,5.7,quarterly-cumulative,https://tj.jiangsu.gov.cn/art/2024/10/24/art_85275_11400783.html,official-published
obs_0248,2024-Q3,江苏省,ind_secondary_gdp,42413.2,亿元,,quarterly-cumulative,https://tj.jiangsu.gov.cn/art/2024/10/24/art_85275_11400783.html,official-published
obs_0249,2024-Q3,江苏省,ind_tertiary_gdp,52493.0,亿元,,quarterly-cumulative,https://tj.jiangsu.gov.cn/art/2024/10/24/art_85275_11400783.html,official-published
obs_0250,2024-Q4,江苏省,ind_gdp,137008.0,亿元,5.8,quarterly-cumulative,https://tj.jiangsu.gov.cn/art/2025/3/15/art_85764_11514117.html,official-published
obs_0251,2024-Q4,江苏省,ind_secondary_gdp,59180.1,亿元,,quarterly-cumulative,https://tj.jiangsu.gov.cn/art/2025/3/15/art_85764_11514117.html,official-published
obs_0252,2024-Q4,江苏省,ind_tertiary_gdp,72582.8,亿元,,quarterly-cumulative,https://tj.jiangsu.gov.cn/art/2025/3/15/art_85764_11514117.html,official-published
obs_0253,2025-Q1,江苏省,ind_gdp,33088.6,亿元,5.9,quarterly-cumulative,https://m.people.cn/n4/2025/0422/c1545-21613260.html,official-statistics-republished
obs_0254,2025-Q1,江苏省,ind_secondary_gdp,13580.3,亿元,,quarterly-cumulative,https://m.people.cn/n4/2025/0422/c1545-21613260.html,official-statistics-republished
obs_0255,2025-Q1,江苏省,ind_tertiary_gdp,18831.0,亿元,,quarterly-cumulative,https://m.people.cn/n4/2025/0422/c1545-21613260.html,official-statistics-republished
obs_0256,2025-Q2,江苏省,ind_gdp,66967.8,亿元,5.7,quarterly-cumulative,https://tj.jiangsu.gov.cn/art/2025/7/22/art_85276_11605717.html,official-published
obs_0257,2025-Q2,江苏省,ind_secondary_gdp,28391.1,亿元,,quarterly-cumulative,https://tj.jiangsu.gov.cn/art/2025/7/22/art_85276_11605717.html,official-published
obs_0258,2025-Q2,江苏省,ind_tertiary_gdp,36799.1,亿元,,quarterly-cumulative,https://tj.jiangsu.gov.cn/art/2025/7/22/art_85276_11605717.html,official-published
obs_0259,2025-Q3,江苏省,ind_gdp,102811.0,亿元,5.4,quarterly-cumulative,https://tj.jiangsu.gov.cn/art/2025/10/25/art_85275_11662557.html,official-published
obs_0260,2025-Q3,江苏省,ind_secondary_gdp,43450.8,亿元,,quarterly-cumulative,https://tj.jiangsu.gov.cn/art/2025/10/25/art_85275_11662557.html,official-published
obs_0261,2025-Q3,江苏省,ind_tertiary_gdp,56118.8,亿元,,quarterly-cumulative,https://tj.jiangsu.gov.cn/art/2025/10/25/art_85275_11662557.html,official-published
obs_0262,2025-Q4,江苏省,ind_gdp,142351.5,亿元,5.3,quarterly-cumulative,https://tj.jiangsu.gov.cn/art/2026/3/19/art_85764_11744302.html,official-published
obs_0263,2025-Q4,江苏省,ind_secondary_gdp,60038.2,亿元,,quarterly-cumulative,https://tj.jiangsu.gov.cn/art/2026/3/19/art_85764_11744302.html,official-published
obs_0264,2025-Q4,江苏省,ind_tertiary_gdp,76943.7,亿元,,quarterly-cumulative,https://tj.jiangsu.gov.cn/art/2026/3/19/art_85764_11744302.html,official-published
