relationship_id,source_id,relationship_type,target_id,description,evidence_level,weight
r_project_region,project_js,IN_REGION,region_js,,schema,
r_project_power,project_js,HAS_DOMAIN,domain_power,,schema,
r_project_economy,project_js,HAS_DOMAIN,domain_economy,,schema,
r_project_weather,project_js,HAS_DOMAIN,domain_weather,,schema,
r_project_calendar,project_js,HAS_DOMAIN,domain_calendar,,schema,
r_ind_consumption,ind_consumption,BELONGS_TO,domain_power,,schema,
r_ind_consumption_yoy,ind_consumption_yoy,BELONGS_TO,domain_power,,schema,
r_ind_generation,ind_generation,BELONGS_TO,domain_power,,schema,
r_ind_generation_yoy,ind_generation_yoy,BELONGS_TO,domain_power,,schema,
r_ind_capacity,ind_capacity,BELONGS_TO,domain_power,,schema,
r_ind_peak_load,ind_peak_load,BELONGS_TO,domain_power,,schema,
r_ind_gdp,ind_gdp,BELONGS_TO,domain_economy,,schema,
r_ind_gdp_yoy,ind_gdp_yoy,BELONGS_TO,domain_economy,,schema,
r_ind_secondary_gdp,ind_secondary_gdp,BELONGS_TO,domain_economy,,schema,
r_ind_tertiary_gdp,ind_tertiary_gdp,BELONGS_TO,domain_economy,,schema,
r_ind_mean_temp,ind_mean_temp,BELONGS_TO,domain_weather,,schema,
r_ind_hot_days,ind_hot_days,BELONGS_TO,domain_weather,,schema,
r_ind_cdd18,ind_cdd18,BELONGS_TO,domain_weather,,schema,
r_ind_hdd18,ind_hdd18,BELONGS_TO,domain_weather,,schema,
r_ind_workdays,ind_workdays,BELONGS_TO,domain_calendar,,schema,
r_ind_holiday_days,ind_holiday_days,BELONGS_TO,domain_calendar,,schema,
r_prior_01,concept_economic_activity,MAY_AFFECT,ind_consumption,经济活动通常影响用电需求,mechanism-prior,
r_prior_02,concept_industrial_output,MAY_AFFECT,ind_consumption,工业生产是江苏用电的重要候选驱动,mechanism-prior,
r_prior_03,concept_service_demand,MAY_AFFECT,ind_consumption,商业和居民需求影响用电,mechanism-prior,
r_prior_04,concept_high_temp,MAY_AFFECT,ind_consumption,高温增加制冷负荷,mechanism-prior,
r_prior_05,concept_low_temp,MAY_AFFECT,ind_consumption,低温可能增加采暖负荷,mechanism-prior,
r_prior_06,concept_holiday_shift,MAY_AFFECT,ind_consumption_yoy,春节错位显著影响1—2月同比,mechanism-prior,
r_prior_07,concept_energy_efficiency,MAY_AFFECT,ind_consumption_yoy,能效会改变电耗与产出的关系,mechanism-prior,
r_prior_08,concept_industry_structure,MAY_AFFECT,ind_consumption_yoy,产业结构会改变用电弹性,mechanism-prior,
r_prior_09,concept_digital_economy,MAY_AFFECT,ind_consumption,数据中心等新负荷可能增加用电,mechanism-prior,
r_prior_10,concept_distributed_energy,MAY_AFFECT,ind_generation,新能源装机影响供给结构,mechanism-prior,
r_prior_11,concept_price_policy,MAY_AFFECT,ind_consumption,价格与政策可能影响需求,mechanism-prior,
r_prior_12,concept_stat_scope,MAY_AFFECT,ind_peak_load,官方月报最高负荷表述存在口径差异,mechanism-prior,
r_month_region_2024-01,month_2024-01,IN_REGION,region_js,,schema,
r_obs_ind_0001,obs_0001,MEASURES,ind_consumption,,observed,
r_obs_time_0001,obs_0001,AT_TIME,month_2024-01,,observed,
r_obs_source_obs_0001,obs_0001,FROM_SOURCE,source_001,,observed,
r_obs_ind_0002,obs_0002,MEASURES,ind_generation,,observed,
r_obs_time_0002,obs_0002,AT_TIME,month_2024-01,,observed,
r_obs_source_obs_0002,obs_0002,FROM_SOURCE,source_001,,observed,
r_obs_ind_0003,obs_0003,MEASURES,ind_capacity,,observed,
r_obs_time_0003,obs_0003,AT_TIME,month_2024-01,,observed,
r_obs_source_obs_0003,obs_0003,FROM_SOURCE,source_001,,observed,
r_obs_ind_0004,obs_0004,MEASURES,ind_peak_load,,observed,
r_obs_time_0004,obs_0004,AT_TIME,month_2024-01,,observed,
r_obs_source_obs_0004,obs_0004,FROM_SOURCE,source_001,,observed,
r_obs_ind_0005,obs_0005,MEASURES,ind_mean_temp,,observed,
r_obs_time_0005,obs_0005,AT_TIME,month_2024-01,,observed,
r_obs_source_obs_0005,obs_0005,FROM_SOURCE,source_002,,observed,
r_obs_ind_0006,obs_0006,MEASURES,ind_hot_days,,observed,
r_obs_time_0006,obs_0006,AT_TIME,month_2024-01,,observed,
r_obs_source_obs_0006,obs_0006,FROM_SOURCE,source_002,,observed,
r_obs_ind_0007,obs_0007,MEASURES,ind_cdd18,,observed,
r_obs_time_0007,obs_0007,AT_TIME,month_2024-01,,observed,
r_obs_source_obs_0007,obs_0007,FROM_SOURCE,source_002,,observed,
r_obs_ind_0008,obs_0008,MEASURES,ind_hdd18,,observed,
r_obs_time_0008,obs_0008,AT_TIME,month_2024-01,,observed,
r_obs_source_obs_0008,obs_0008,FROM_SOURCE,source_002,,observed,
r_obs_ind_0009,obs_0009,MEASURES,ind_workdays,,observed,
r_obs_time_0009,obs_0009,AT_TIME,month_2024-01,,observed,
r_obs_ind_0010,obs_0010,MEASURES,ind_holiday_days,,observed,
r_obs_time_0010,obs_0010,AT_TIME,month_2024-01,,observed,
r_anomaly_time_2024-01,anomaly_2024-01,AT_TIME,month_2024-01,,rule-based,
r_anomaly_holiday_2024-01,anomaly_2024-01,CANDIDATE_CAUSE,concept_holiday_shift,需合并1—2月验证,context-supported,
r_month_q_2024-01,month_2024-01,IN_QUARTER,quarter_2024-Q1,,schema,
r_month_region_2024-02,month_2024-02,IN_REGION,region_js,,schema,
r_obs_ind_0011,obs_0011,MEASURES,ind_consumption,,observed,
r_obs_time_0011,obs_0011,AT_TIME,month_2024-02,,observed,
r_obs_source_obs_0011,obs_0011,FROM_SOURCE,source_003,,observed,
r_obs_ind_0012,obs_0012,MEASURES,ind_generation,,observed,
r_obs_time_0012,obs_0012,AT_TIME,month_2024-02,,observed,
r_obs_source_obs_0012,obs_0012,FROM_SOURCE,source_003,,observed,
r_obs_ind_0013,obs_0013,MEASURES,ind_capacity,,observed,
r_obs_time_0013,obs_0013,AT_TIME,month_2024-02,,observed,
r_obs_source_obs_0013,obs_0013,FROM_SOURCE,source_003,,observed,
r_obs_ind_0014,obs_0014,MEASURES,ind_peak_load,,observed,
r_obs_time_0014,obs_0014,AT_TIME,month_2024-02,,observed,
r_obs_source_obs_0014,obs_0014,FROM_SOURCE,source_003,,observed,
r_obs_ind_0015,obs_0015,MEASURES,ind_mean_temp,,observed,
r_obs_time_0015,obs_0015,AT_TIME,month_2024-02,,observed,
r_obs_source_obs_0015,obs_0015,FROM_SOURCE,source_002,,observed,
r_obs_ind_0016,obs_0016,MEASURES,ind_hot_days,,observed,
r_obs_time_0016,obs_0016,AT_TIME,month_2024-02,,observed,
r_obs_source_obs_0016,obs_0016,FROM_SOURCE,source_002,,observed,
r_obs_ind_0017,obs_0017,MEASURES,ind_cdd18,,observed,
r_obs_time_0017,obs_0017,AT_TIME,month_2024-02,,observed,
r_obs_source_obs_0017,obs_0017,FROM_SOURCE,source_002,,observed,
r_obs_ind_0018,obs_0018,MEASURES,ind_hdd18,,observed,
r_obs_time_0018,obs_0018,AT_TIME,month_2024-02,,observed,
r_obs_source_obs_0018,obs_0018,FROM_SOURCE,source_002,,observed,
r_obs_ind_0019,obs_0019,MEASURES,ind_workdays,,observed,
r_obs_time_0019,obs_0019,AT_TIME,month_2024-02,,observed,
r_obs_ind_0020,obs_0020,MEASURES,ind_holiday_days,,observed,
r_obs_time_0020,obs_0020,AT_TIME,month_2024-02,,observed,
r_anomaly_time_2024-02,anomaly_2024-02,AT_TIME,month_2024-02,,rule-based,
r_anomaly_holiday_2024-02,anomaly_2024-02,CANDIDATE_CAUSE,concept_holiday_shift,需合并1—2月验证,context-supported,
r_month_q_2024-02,month_2024-02,IN_QUARTER,quarter_2024-Q1,,schema,
r_month_region_2024-03,month_2024-03,IN_REGION,region_js,,schema,
r_obs_ind_0021,obs_0021,MEASURES,ind_consumption,,observed,
r_obs_time_0021,obs_0021,AT_TIME,month_2024-03,,observed,
r_obs_source_obs_0021,obs_0021,FROM_SOURCE,source_004,,observed,
r_obs_ind_0022,obs_0022,MEASURES,ind_generation,,observed,
r_obs_time_0022,obs_0022,AT_TIME,month_2024-03,,observed,
r_obs_source_obs_0022,obs_0022,FROM_SOURCE,source_004,,observed,
r_obs_ind_0023,obs_0023,MEASURES,ind_capacity,,observed,
r_obs_time_0023,obs_0023,AT_TIME,month_2024-03,,observed,
r_obs_source_obs_0023,obs_0023,FROM_SOURCE,source_004,,observed,
r_obs_ind_0024,obs_0024,MEASURES,ind_peak_load,,observed,
r_obs_time_0024,obs_0024,AT_TIME,month_2024-03,,observed,
r_obs_source_obs_0024,obs_0024,FROM_SOURCE,source_004,,observed,
r_obs_ind_0025,obs_0025,MEASURES,ind_mean_temp,,observed,
r_obs_time_0025,obs_0025,AT_TIME,month_2024-03,,observed,
r_obs_source_obs_0025,obs_0025,FROM_SOURCE,source_002,,observed,
r_obs_ind_0026,obs_0026,MEASURES,ind_hot_days,,observed,
r_obs_time_0026,obs_0026,AT_TIME,month_2024-03,,observed,
r_obs_source_obs_0026,obs_0026,FROM_SOURCE,source_002,,observed,
r_obs_ind_0027,obs_0027,MEASURES,ind_cdd18,,observed,
r_obs_time_0027,obs_0027,AT_TIME,month_2024-03,,observed,
r_obs_source_obs_0027,obs_0027,FROM_SOURCE,source_002,,observed,
r_obs_ind_0028,obs_0028,MEASURES,ind_hdd18,,observed,
r_obs_time_0028,obs_0028,AT_TIME,month_2024-03,,observed,
r_obs_source_obs_0028,obs_0028,FROM_SOURCE,source_002,,observed,
r_obs_ind_0029,obs_0029,MEASURES,ind_workdays,,observed,
r_obs_time_0029,obs_0029,AT_TIME,month_2024-03,,observed,
r_obs_ind_0030,obs_0030,MEASURES,ind_holiday_days,,observed,
r_obs_time_0030,obs_0030,AT_TIME,month_2024-03,,observed,
r_anomaly_time_2024-03,anomaly_2024-03,AT_TIME,month_2024-03,,rule-based,
r_month_q_2024-03,month_2024-03,IN_QUARTER,quarter_2024-Q1,,schema,
r_month_region_2024-04,month_2024-04,IN_REGION,region_js,,schema,
r_obs_ind_0031,obs_0031,MEASURES,ind_consumption,,observed,
r_obs_time_0031,obs_0031,AT_TIME,month_2024-04,,observed,
r_obs_source_obs_0031,obs_0031,FROM_SOURCE,source_005,,observed,
r_obs_ind_0032,obs_0032,MEASURES,ind_generation,,observed,
r_obs_time_0032,obs_0032,AT_TIME,month_2024-04,,observed,
r_obs_source_obs_0032,obs_0032,FROM_SOURCE,source_005,,observed,
r_obs_ind_0033,obs_0033,MEASURES,ind_capacity,,observed,
r_obs_time_0033,obs_0033,AT_TIME,month_2024-04,,observed,
r_obs_source_obs_0033,obs_0033,FROM_SOURCE,source_005,,observed,
r_obs_ind_0034,obs_0034,MEASURES,ind_peak_load,,observed,
r_obs_time_0034,obs_0034,AT_TIME,month_2024-04,,observed,
r_obs_source_obs_0034,obs_0034,FROM_SOURCE,source_005,,observed,
r_obs_ind_0035,obs_0035,MEASURES,ind_mean_temp,,observed,
r_obs_time_0035,obs_0035,AT_TIME,month_2024-04,,observed,
r_obs_source_obs_0035,obs_0035,FROM_SOURCE,source_002,,observed,
r_obs_ind_0036,obs_0036,MEASURES,ind_hot_days,,observed,
r_obs_time_0036,obs_0036,AT_TIME,month_2024-04,,observed,
r_obs_source_obs_0036,obs_0036,FROM_SOURCE,source_002,,observed,
r_obs_ind_0037,obs_0037,MEASURES,ind_cdd18,,observed,
r_obs_time_0037,obs_0037,AT_TIME,month_2024-04,,observed,
r_obs_source_obs_0037,obs_0037,FROM_SOURCE,source_002,,observed,
r_obs_ind_0038,obs_0038,MEASURES,ind_hdd18,,observed,
r_obs_time_0038,obs_0038,AT_TIME,month_2024-04,,observed,
r_obs_source_obs_0038,obs_0038,FROM_SOURCE,source_002,,observed,
r_obs_ind_0039,obs_0039,MEASURES,ind_workdays,,observed,
r_obs_time_0039,obs_0039,AT_TIME,month_2024-04,,observed,
r_obs_ind_0040,obs_0040,MEASURES,ind_holiday_days,,observed,
r_obs_time_0040,obs_0040,AT_TIME,month_2024-04,,observed,
r_anomaly_time_2024-04,anomaly_2024-04,AT_TIME,month_2024-04,,rule-based,
r_month_q_2024-04,month_2024-04,IN_QUARTER,quarter_2024-Q2,,schema,
r_month_region_2024-05,month_2024-05,IN_REGION,region_js,,schema,
r_obs_ind_0041,obs_0041,MEASURES,ind_consumption,,observed,
r_obs_time_0041,obs_0041,AT_TIME,month_2024-05,,observed,
r_obs_source_obs_0041,obs_0041,FROM_SOURCE,source_006,,observed,
r_obs_ind_0042,obs_0042,MEASURES,ind_generation,,observed,
r_obs_time_0042,obs_0042,AT_TIME,month_2024-05,,observed,
r_obs_source_obs_0042,obs_0042,FROM_SOURCE,source_006,,observed,
r_obs_ind_0043,obs_0043,MEASURES,ind_capacity,,observed,
r_obs_time_0043,obs_0043,AT_TIME,month_2024-05,,observed,
r_obs_source_obs_0043,obs_0043,FROM_SOURCE,source_006,,observed,
r_obs_ind_0044,obs_0044,MEASURES,ind_peak_load,,observed,
r_obs_time_0044,obs_0044,AT_TIME,month_2024-05,,observed,
r_obs_source_obs_0044,obs_0044,FROM_SOURCE,source_006,,observed,
r_obs_ind_0045,obs_0045,MEASURES,ind_mean_temp,,observed,
r_obs_time_0045,obs_0045,AT_TIME,month_2024-05,,observed,
r_obs_source_obs_0045,obs_0045,FROM_SOURCE,source_002,,observed,
r_obs_ind_0046,obs_0046,MEASURES,ind_hot_days,,observed,
r_obs_time_0046,obs_0046,AT_TIME,month_2024-05,,observed,
r_obs_source_obs_0046,obs_0046,FROM_SOURCE,source_002,,observed,
r_obs_ind_0047,obs_0047,MEASURES,ind_cdd18,,observed,
r_obs_time_0047,obs_0047,AT_TIME,month_2024-05,,observed,
r_obs_source_obs_0047,obs_0047,FROM_SOURCE,source_002,,observed,
r_obs_ind_0048,obs_0048,MEASURES,ind_hdd18,,observed,
r_obs_time_0048,obs_0048,AT_TIME,month_2024-05,,observed,
r_obs_source_obs_0048,obs_0048,FROM_SOURCE,source_002,,observed,
r_obs_ind_0049,obs_0049,MEASURES,ind_workdays,,observed,
r_obs_time_0049,obs_0049,AT_TIME,month_2024-05,,observed,
r_obs_ind_0050,obs_0050,MEASURES,ind_holiday_days,,observed,
r_obs_time_0050,obs_0050,AT_TIME,month_2024-05,,observed,
r_anomaly_time_2024-05,anomaly_2024-05,AT_TIME,month_2024-05,,rule-based,
r_month_q_2024-05,month_2024-05,IN_QUARTER,quarter_2024-Q2,,schema,
r_month_region_2024-06,month_2024-06,IN_REGION,region_js,,schema,
r_obs_ind_0051,obs_0051,MEASURES,ind_consumption,,observed,
r_obs_time_0051,obs_0051,AT_TIME,month_2024-06,,observed,
r_obs_source_obs_0051,obs_0051,FROM_SOURCE,source_007,,observed,
r_obs_ind_0052,obs_0052,MEASURES,ind_generation,,observed,
r_obs_time_0052,obs_0052,AT_TIME,month_2024-06,,observed,
r_obs_source_obs_0052,obs_0052,FROM_SOURCE,source_007,,observed,
r_obs_ind_0053,obs_0053,MEASURES,ind_capacity,,observed,
r_obs_time_0053,obs_0053,AT_TIME,month_2024-06,,observed,
r_obs_source_obs_0053,obs_0053,FROM_SOURCE,source_007,,observed,
r_obs_ind_0054,obs_0054,MEASURES,ind_peak_load,,observed,
r_obs_time_0054,obs_0054,AT_TIME,month_2024-06,,observed,
r_obs_source_obs_0054,obs_0054,FROM_SOURCE,source_007,,observed,
r_obs_ind_0055,obs_0055,MEASURES,ind_mean_temp,,observed,
r_obs_time_0055,obs_0055,AT_TIME,month_2024-06,,observed,
r_obs_source_obs_0055,obs_0055,FROM_SOURCE,source_002,,observed,
r_obs_ind_0056,obs_0056,MEASURES,ind_hot_days,,observed,
r_obs_time_0056,obs_0056,AT_TIME,month_2024-06,,observed,
r_obs_source_obs_0056,obs_0056,FROM_SOURCE,source_002,,observed,
r_obs_ind_0057,obs_0057,MEASURES,ind_cdd18,,observed,
r_obs_time_0057,obs_0057,AT_TIME,month_2024-06,,observed,
r_obs_source_obs_0057,obs_0057,FROM_SOURCE,source_002,,observed,
r_obs_ind_0058,obs_0058,MEASURES,ind_hdd18,,observed,
r_obs_time_0058,obs_0058,AT_TIME,month_2024-06,,observed,
r_obs_source_obs_0058,obs_0058,FROM_SOURCE,source_002,,observed,
r_obs_ind_0059,obs_0059,MEASURES,ind_workdays,,observed,
r_obs_time_0059,obs_0059,AT_TIME,month_2024-06,,observed,
r_obs_ind_0060,obs_0060,MEASURES,ind_holiday_days,,observed,
r_obs_time_0060,obs_0060,AT_TIME,month_2024-06,,observed,
r_anomaly_time_2024-06,anomaly_2024-06,AT_TIME,month_2024-06,,rule-based,
r_month_q_2024-06,month_2024-06,IN_QUARTER,quarter_2024-Q2,,schema,
r_month_region_2024-07,month_2024-07,IN_REGION,region_js,,schema,
r_obs_ind_0061,obs_0061,MEASURES,ind_consumption,,observed,
r_obs_time_0061,obs_0061,AT_TIME,month_2024-07,,observed,
r_obs_source_obs_0061,obs_0061,FROM_SOURCE,source_008,,observed,
r_obs_ind_0062,obs_0062,MEASURES,ind_generation,,observed,
r_obs_time_0062,obs_0062,AT_TIME,month_2024-07,,observed,
r_obs_source_obs_0062,obs_0062,FROM_SOURCE,source_008,,observed,
r_obs_ind_0063,obs_0063,MEASURES,ind_capacity,,observed,
r_obs_time_0063,obs_0063,AT_TIME,month_2024-07,,observed,
r_obs_source_obs_0063,obs_0063,FROM_SOURCE,source_008,,observed,
r_obs_ind_0064,obs_0064,MEASURES,ind_peak_load,,observed,
r_obs_time_0064,obs_0064,AT_TIME,month_2024-07,,observed,
r_obs_source_obs_0064,obs_0064,FROM_SOURCE,source_008,,observed,
r_obs_ind_0065,obs_0065,MEASURES,ind_mean_temp,,observed,
r_obs_time_0065,obs_0065,AT_TIME,month_2024-07,,observed,
r_obs_source_obs_0065,obs_0065,FROM_SOURCE,source_002,,observed,
r_obs_ind_0066,obs_0066,MEASURES,ind_hot_days,,observed,
r_obs_time_0066,obs_0066,AT_TIME,month_2024-07,,observed,
r_obs_source_obs_0066,obs_0066,FROM_SOURCE,source_002,,observed,
r_obs_ind_0067,obs_0067,MEASURES,ind_cdd18,,observed,
r_obs_time_0067,obs_0067,AT_TIME,month_2024-07,,observed,
r_obs_source_obs_0067,obs_0067,FROM_SOURCE,source_002,,observed,
r_obs_ind_0068,obs_0068,MEASURES,ind_hdd18,,observed,
r_obs_time_0068,obs_0068,AT_TIME,month_2024-07,,observed,
r_obs_source_obs_0068,obs_0068,FROM_SOURCE,source_002,,observed,
r_obs_ind_0069,obs_0069,MEASURES,ind_workdays,,observed,
r_obs_time_0069,obs_0069,AT_TIME,month_2024-07,,observed,
r_obs_ind_0070,obs_0070,MEASURES,ind_holiday_days,,observed,
r_obs_time_0070,obs_0070,AT_TIME,month_2024-07,,observed,
r_anomaly_time_2024-07,anomaly_2024-07,AT_TIME,month_2024-07,,rule-based,
r_anomaly_hot_2024-07,anomaly_2024-07,CANDIDATE_CAUSE,concept_high_temp,南京代表点高温证据,proxy-supported,
r_month_q_2024-07,month_2024-07,IN_QUARTER,quarter_2024-Q3,,schema,
r_month_region_2024-08,month_2024-08,IN_REGION,region_js,,schema,
r_obs_ind_0071,obs_0071,MEASURES,ind_consumption,,observed,
r_obs_time_0071,obs_0071,AT_TIME,month_2024-08,,observed,
r_obs_source_obs_0071,obs_0071,FROM_SOURCE,source_009,,observed,
r_obs_ind_0072,obs_0072,MEASURES,ind_generation,,observed,
r_obs_time_0072,obs_0072,AT_TIME,month_2024-08,,observed,
r_obs_source_obs_0072,obs_0072,FROM_SOURCE,source_009,,observed,
r_obs_ind_0073,obs_0073,MEASURES,ind_capacity,,observed,
r_obs_time_0073,obs_0073,AT_TIME,month_2024-08,,observed,
r_obs_source_obs_0073,obs_0073,FROM_SOURCE,source_009,,observed,
r_obs_ind_0074,obs_0074,MEASURES,ind_peak_load,,observed,
r_obs_time_0074,obs_0074,AT_TIME,month_2024-08,,observed,
r_obs_source_obs_0074,obs_0074,FROM_SOURCE,source_009,,observed,
r_obs_ind_0075,obs_0075,MEASURES,ind_mean_temp,,observed,
r_obs_time_0075,obs_0075,AT_TIME,month_2024-08,,observed,
r_obs_source_obs_0075,obs_0075,FROM_SOURCE,source_002,,observed,
r_obs_ind_0076,obs_0076,MEASURES,ind_hot_days,,observed,
r_obs_time_0076,obs_0076,AT_TIME,month_2024-08,,observed,
r_obs_source_obs_0076,obs_0076,FROM_SOURCE,source_002,,observed,
r_obs_ind_0077,obs_0077,MEASURES,ind_cdd18,,observed,
r_obs_time_0077,obs_0077,AT_TIME,month_2024-08,,observed,
r_obs_source_obs_0077,obs_0077,FROM_SOURCE,source_002,,observed,
r_obs_ind_0078,obs_0078,MEASURES,ind_hdd18,,observed,
r_obs_time_0078,obs_0078,AT_TIME,month_2024-08,,observed,
r_obs_source_obs_0078,obs_0078,FROM_SOURCE,source_002,,observed,
r_obs_ind_0079,obs_0079,MEASURES,ind_workdays,,observed,
r_obs_time_0079,obs_0079,AT_TIME,month_2024-08,,observed,
r_obs_ind_0080,obs_0080,MEASURES,ind_holiday_days,,observed,
r_obs_time_0080,obs_0080,AT_TIME,month_2024-08,,observed,
r_anomaly_time_2024-08,anomaly_2024-08,AT_TIME,month_2024-08,,rule-based,
r_anomaly_hot_2024-08,anomaly_2024-08,CANDIDATE_CAUSE,concept_high_temp,南京代表点高温证据,proxy-supported,
r_month_q_2024-08,month_2024-08,IN_QUARTER,quarter_2024-Q3,,schema,
r_month_region_2024-09,month_2024-09,IN_REGION,region_js,,schema,
r_obs_ind_0081,obs_0081,MEASURES,ind_consumption,,observed,
r_obs_time_0081,obs_0081,AT_TIME,month_2024-09,,observed,
r_obs_source_obs_0081,obs_0081,FROM_SOURCE,source_010,,observed,
r_obs_ind_0082,obs_0082,MEASURES,ind_generation,,observed,
r_obs_time_0082,obs_0082,AT_TIME,month_2024-09,,observed,
r_obs_source_obs_0082,obs_0082,FROM_SOURCE,source_010,,observed,
r_obs_ind_0083,obs_0083,MEASURES,ind_capacity,,observed,
r_obs_time_0083,obs_0083,AT_TIME,month_2024-09,,observed,
r_obs_source_obs_0083,obs_0083,FROM_SOURCE,source_010,,observed,
r_obs_ind_0084,obs_0084,MEASURES,ind_peak_load,,observed,
r_obs_time_0084,obs_0084,AT_TIME,month_2024-09,,observed,
r_obs_source_obs_0084,obs_0084,FROM_SOURCE,source_010,,observed,
r_obs_ind_0085,obs_0085,MEASURES,ind_mean_temp,,observed,
r_obs_time_0085,obs_0085,AT_TIME,month_2024-09,,observed,
r_obs_source_obs_0085,obs_0085,FROM_SOURCE,source_002,,observed,
r_obs_ind_0086,obs_0086,MEASURES,ind_hot_days,,observed,
r_obs_time_0086,obs_0086,AT_TIME,month_2024-09,,observed,
r_obs_source_obs_0086,obs_0086,FROM_SOURCE,source_002,,observed,
r_obs_ind_0087,obs_0087,MEASURES,ind_cdd18,,observed,
r_obs_time_0087,obs_0087,AT_TIME,month_2024-09,,observed,
r_obs_source_obs_0087,obs_0087,FROM_SOURCE,source_002,,observed,
r_obs_ind_0088,obs_0088,MEASURES,ind_hdd18,,observed,
r_obs_time_0088,obs_0088,AT_TIME,month_2024-09,,observed,
r_obs_source_obs_0088,obs_0088,FROM_SOURCE,source_002,,observed,
r_obs_ind_0089,obs_0089,MEASURES,ind_workdays,,observed,
r_obs_time_0089,obs_0089,AT_TIME,month_2024-09,,observed,
r_obs_ind_0090,obs_0090,MEASURES,ind_holiday_days,,observed,
r_obs_time_0090,obs_0090,AT_TIME,month_2024-09,,observed,
r_anomaly_time_2024-09,anomaly_2024-09,AT_TIME,month_2024-09,,rule-based,
r_month_q_2024-09,month_2024-09,IN_QUARTER,quarter_2024-Q3,,schema,
r_month_region_2024-10,month_2024-10,IN_REGION,region_js,,schema,
r_obs_ind_0091,obs_0091,MEASURES,ind_consumption,,observed,
r_obs_time_0091,obs_0091,AT_TIME,month_2024-10,,observed,
r_obs_source_obs_0091,obs_0091,FROM_SOURCE,source_011,,observed,
r_obs_ind_0092,obs_0092,MEASURES,ind_generation,,observed,
r_obs_time_0092,obs_0092,AT_TIME,month_2024-10,,observed,
r_obs_source_obs_0092,obs_0092,FROM_SOURCE,source_011,,observed,
r_obs_ind_0093,obs_0093,MEASURES,ind_capacity,,observed,
r_obs_time_0093,obs_0093,AT_TIME,month_2024-10,,observed,
r_obs_source_obs_0093,obs_0093,FROM_SOURCE,source_011,,observed,
r_obs_ind_0094,obs_0094,MEASURES,ind_peak_load,,observed,
r_obs_time_0094,obs_0094,AT_TIME,month_2024-10,,observed,
r_obs_source_obs_0094,obs_0094,FROM_SOURCE,source_011,,observed,
r_obs_ind_0095,obs_0095,MEASURES,ind_mean_temp,,observed,
r_obs_time_0095,obs_0095,AT_TIME,month_2024-10,,observed,
r_obs_source_obs_0095,obs_0095,FROM_SOURCE,source_002,,observed,
r_obs_ind_0096,obs_0096,MEASURES,ind_hot_days,,observed,
r_obs_time_0096,obs_0096,AT_TIME,month_2024-10,,observed,
r_obs_source_obs_0096,obs_0096,FROM_SOURCE,source_002,,observed,
r_obs_ind_0097,obs_0097,MEASURES,ind_cdd18,,observed,
r_obs_time_0097,obs_0097,AT_TIME,month_2024-10,,observed,
r_obs_source_obs_0097,obs_0097,FROM_SOURCE,source_002,,observed,
r_obs_ind_0098,obs_0098,MEASURES,ind_hdd18,,observed,
r_obs_time_0098,obs_0098,AT_TIME,month_2024-10,,observed,
r_obs_source_obs_0098,obs_0098,FROM_SOURCE,source_002,,observed,
r_obs_ind_0099,obs_0099,MEASURES,ind_workdays,,observed,
r_obs_time_0099,obs_0099,AT_TIME,month_2024-10,,observed,
r_obs_ind_0100,obs_0100,MEASURES,ind_holiday_days,,observed,
r_obs_time_0100,obs_0100,AT_TIME,month_2024-10,,observed,
r_anomaly_time_2024-10,anomaly_2024-10,AT_TIME,month_2024-10,,rule-based,
r_month_q_2024-10,month_2024-10,IN_QUARTER,quarter_2024-Q4,,schema,
r_month_region_2024-11,month_2024-11,IN_REGION,region_js,,schema,
r_obs_ind_0101,obs_0101,MEASURES,ind_consumption,,observed,
r_obs_time_0101,obs_0101,AT_TIME,month_2024-11,,observed,
r_obs_source_obs_0101,obs_0101,FROM_SOURCE,source_012,,observed,
r_obs_ind_0102,obs_0102,MEASURES,ind_generation,,observed,
r_obs_time_0102,obs_0102,AT_TIME,month_2024-11,,observed,
r_obs_source_obs_0102,obs_0102,FROM_SOURCE,source_012,,observed,
r_obs_ind_0103,obs_0103,MEASURES,ind_capacity,,observed,
r_obs_time_0103,obs_0103,AT_TIME,month_2024-11,,observed,
r_obs_source_obs_0103,obs_0103,FROM_SOURCE,source_012,,observed,
r_obs_ind_0104,obs_0104,MEASURES,ind_peak_load,,observed,
r_obs_time_0104,obs_0104,AT_TIME,month_2024-11,,observed,
r_obs_source_obs_0104,obs_0104,FROM_SOURCE,source_012,,observed,
r_obs_ind_0105,obs_0105,MEASURES,ind_mean_temp,,observed,
r_obs_time_0105,obs_0105,AT_TIME,month_2024-11,,observed,
r_obs_source_obs_0105,obs_0105,FROM_SOURCE,source_002,,observed,
r_obs_ind_0106,obs_0106,MEASURES,ind_hot_days,,observed,
r_obs_time_0106,obs_0106,AT_TIME,month_2024-11,,observed,
r_obs_source_obs_0106,obs_0106,FROM_SOURCE,source_002,,observed,
r_obs_ind_0107,obs_0107,MEASURES,ind_cdd18,,observed,
r_obs_time_0107,obs_0107,AT_TIME,month_2024-11,,observed,
r_obs_source_obs_0107,obs_0107,FROM_SOURCE,source_002,,observed,
r_obs_ind_0108,obs_0108,MEASURES,ind_hdd18,,observed,
r_obs_time_0108,obs_0108,AT_TIME,month_2024-11,,observed,
r_obs_source_obs_0108,obs_0108,FROM_SOURCE,source_002,,observed,
r_obs_ind_0109,obs_0109,MEASURES,ind_workdays,,observed,
r_obs_time_0109,obs_0109,AT_TIME,month_2024-11,,observed,
r_obs_ind_0110,obs_0110,MEASURES,ind_holiday_days,,observed,
r_obs_time_0110,obs_0110,AT_TIME,month_2024-11,,observed,
r_anomaly_time_2024-11,anomaly_2024-11,AT_TIME,month_2024-11,,rule-based,
r_month_q_2024-11,month_2024-11,IN_QUARTER,quarter_2024-Q4,,schema,
r_month_region_2024-12,month_2024-12,IN_REGION,region_js,,schema,
r_obs_ind_0111,obs_0111,MEASURES,ind_consumption,,observed,
r_obs_time_0111,obs_0111,AT_TIME,month_2024-12,,observed,
r_obs_source_obs_0111,obs_0111,FROM_SOURCE,source_013,,observed,
r_obs_ind_0112,obs_0112,MEASURES,ind_generation,,observed,
r_obs_time_0112,obs_0112,AT_TIME,month_2024-12,,observed,
r_obs_source_obs_0112,obs_0112,FROM_SOURCE,source_013,,observed,
r_obs_ind_0113,obs_0113,MEASURES,ind_capacity,,observed,
r_obs_time_0113,obs_0113,AT_TIME,month_2024-12,,observed,
r_obs_source_obs_0113,obs_0113,FROM_SOURCE,source_013,,observed,
r_obs_ind_0114,obs_0114,MEASURES,ind_peak_load,,observed,
r_obs_time_0114,obs_0114,AT_TIME,month_2024-12,,observed,
r_obs_source_obs_0114,obs_0114,FROM_SOURCE,source_013,,observed,
r_obs_ind_0115,obs_0115,MEASURES,ind_mean_temp,,observed,
r_obs_time_0115,obs_0115,AT_TIME,month_2024-12,,observed,
r_obs_source_obs_0115,obs_0115,FROM_SOURCE,source_002,,observed,
r_obs_ind_0116,obs_0116,MEASURES,ind_hot_days,,observed,
r_obs_time_0116,obs_0116,AT_TIME,month_2024-12,,observed,
r_obs_source_obs_0116,obs_0116,FROM_SOURCE,source_002,,observed,
r_obs_ind_0117,obs_0117,MEASURES,ind_cdd18,,observed,
r_obs_time_0117,obs_0117,AT_TIME,month_2024-12,,observed,
r_obs_source_obs_0117,obs_0117,FROM_SOURCE,source_002,,observed,
r_obs_ind_0118,obs_0118,MEASURES,ind_hdd18,,observed,
r_obs_time_0118,obs_0118,AT_TIME,month_2024-12,,observed,
r_obs_source_obs_0118,obs_0118,FROM_SOURCE,source_002,,observed,
r_obs_ind_0119,obs_0119,MEASURES,ind_workdays,,observed,
r_obs_time_0119,obs_0119,AT_TIME,month_2024-12,,observed,
r_obs_ind_0120,obs_0120,MEASURES,ind_holiday_days,,observed,
r_obs_time_0120,obs_0120,AT_TIME,month_2024-12,,observed,
r_anomaly_time_2024-12,anomaly_2024-12,AT_TIME,month_2024-12,,rule-based,
r_month_q_2024-12,month_2024-12,IN_QUARTER,quarter_2024-Q4,,schema,
r_month_region_2025-01,month_2025-01,IN_REGION,region_js,,schema,
r_obs_ind_0121,obs_0121,MEASURES,ind_consumption,,observed,
r_obs_time_0121,obs_0121,AT_TIME,month_2025-01,,observed,
r_obs_source_obs_0121,obs_0121,FROM_SOURCE,source_014,,observed,
r_obs_ind_0122,obs_0122,MEASURES,ind_generation,,observed,
r_obs_time_0122,obs_0122,AT_TIME,month_2025-01,,observed,
r_obs_source_obs_0122,obs_0122,FROM_SOURCE,source_014,,observed,
r_obs_ind_0123,obs_0123,MEASURES,ind_capacity,,observed,
r_obs_time_0123,obs_0123,AT_TIME,month_2025-01,,observed,
r_obs_source_obs_0123,obs_0123,FROM_SOURCE,source_014,,observed,
r_obs_ind_0124,obs_0124,MEASURES,ind_peak_load,,observed,
r_obs_time_0124,obs_0124,AT_TIME,month_2025-01,,observed,
r_obs_source_obs_0124,obs_0124,FROM_SOURCE,source_014,,observed,
r_obs_ind_0125,obs_0125,MEASURES,ind_mean_temp,,observed,
r_obs_time_0125,obs_0125,AT_TIME,month_2025-01,,observed,
r_obs_source_obs_0125,obs_0125,FROM_SOURCE,source_002,,observed,
r_obs_ind_0126,obs_0126,MEASURES,ind_hot_days,,observed,
r_obs_time_0126,obs_0126,AT_TIME,month_2025-01,,observed,
r_obs_source_obs_0126,obs_0126,FROM_SOURCE,source_002,,observed,
r_obs_ind_0127,obs_0127,MEASURES,ind_cdd18,,observed,
r_obs_time_0127,obs_0127,AT_TIME,month_2025-01,,observed,
r_obs_source_obs_0127,obs_0127,FROM_SOURCE,source_002,,observed,
r_obs_ind_0128,obs_0128,MEASURES,ind_hdd18,,observed,
r_obs_time_0128,obs_0128,AT_TIME,month_2025-01,,observed,
r_obs_source_obs_0128,obs_0128,FROM_SOURCE,source_002,,observed,
r_obs_ind_0129,obs_0129,MEASURES,ind_workdays,,observed,
r_obs_time_0129,obs_0129,AT_TIME,month_2025-01,,observed,
r_obs_ind_0130,obs_0130,MEASURES,ind_holiday_days,,observed,
r_obs_time_0130,obs_0130,AT_TIME,month_2025-01,,observed,
r_anomaly_time_2025-01,anomaly_2025-01,AT_TIME,month_2025-01,,rule-based,
r_anomaly_holiday_2025-01,anomaly_2025-01,CANDIDATE_CAUSE,concept_holiday_shift,需合并1—2月验证,context-supported,
r_month_q_2025-01,month_2025-01,IN_QUARTER,quarter_2025-Q1,,schema,
r_month_region_2025-02,month_2025-02,IN_REGION,region_js,,schema,
r_obs_ind_0131,obs_0131,MEASURES,ind_consumption,,observed,
r_obs_time_0131,obs_0131,AT_TIME,month_2025-02,,observed,
r_obs_source_obs_0131,obs_0131,FROM_SOURCE,source_015,,observed,
r_obs_ind_0132,obs_0132,MEASURES,ind_generation,,observed,
r_obs_time_0132,obs_0132,AT_TIME,month_2025-02,,observed,
r_obs_source_obs_0132,obs_0132,FROM_SOURCE,source_015,,observed,
r_obs_ind_0133,obs_0133,MEASURES,ind_capacity,,observed,
r_obs_time_0133,obs_0133,AT_TIME,month_2025-02,,observed,
r_obs_source_obs_0133,obs_0133,FROM_SOURCE,source_015,,observed,
r_obs_ind_0134,obs_0134,MEASURES,ind_peak_load,,observed,
r_obs_time_0134,obs_0134,AT_TIME,month_2025-02,,observed,
r_obs_source_obs_0134,obs_0134,FROM_SOURCE,source_015,,observed,
r_obs_ind_0135,obs_0135,MEASURES,ind_mean_temp,,observed,
r_obs_time_0135,obs_0135,AT_TIME,month_2025-02,,observed,
r_obs_source_obs_0135,obs_0135,FROM_SOURCE,source_002,,observed,
r_obs_ind_0136,obs_0136,MEASURES,ind_hot_days,,observed,
r_obs_time_0136,obs_0136,AT_TIME,month_2025-02,,observed,
r_obs_source_obs_0136,obs_0136,FROM_SOURCE,source_002,,observed,
r_obs_ind_0137,obs_0137,MEASURES,ind_cdd18,,observed,
r_obs_time_0137,obs_0137,AT_TIME,month_2025-02,,observed,
r_obs_source_obs_0137,obs_0137,FROM_SOURCE,source_002,,observed,
r_obs_ind_0138,obs_0138,MEASURES,ind_hdd18,,observed,
r_obs_time_0138,obs_0138,AT_TIME,month_2025-02,,observed,
r_obs_source_obs_0138,obs_0138,FROM_SOURCE,source_002,,observed,
r_obs_ind_0139,obs_0139,MEASURES,ind_workdays,,observed,
r_obs_time_0139,obs_0139,AT_TIME,month_2025-02,,observed,
r_obs_ind_0140,obs_0140,MEASURES,ind_holiday_days,,observed,
r_obs_time_0140,obs_0140,AT_TIME,month_2025-02,,observed,
r_anomaly_time_2025-02,anomaly_2025-02,AT_TIME,month_2025-02,,rule-based,
r_anomaly_holiday_2025-02,anomaly_2025-02,CANDIDATE_CAUSE,concept_holiday_shift,需合并1—2月验证,context-supported,
r_month_q_2025-02,month_2025-02,IN_QUARTER,quarter_2025-Q1,,schema,
r_month_region_2025-03,month_2025-03,IN_REGION,region_js,,schema,
r_obs_ind_0141,obs_0141,MEASURES,ind_consumption,,observed,
r_obs_time_0141,obs_0141,AT_TIME,month_2025-03,,observed,
r_obs_source_obs_0141,obs_0141,FROM_SOURCE,source_016,,observed,
r_obs_ind_0142,obs_0142,MEASURES,ind_generation,,observed,
r_obs_time_0142,obs_0142,AT_TIME,month_2025-03,,observed,
r_obs_source_obs_0142,obs_0142,FROM_SOURCE,source_016,,observed,
r_obs_ind_0143,obs_0143,MEASURES,ind_capacity,,observed,
r_obs_time_0143,obs_0143,AT_TIME,month_2025-03,,observed,
r_obs_source_obs_0143,obs_0143,FROM_SOURCE,source_016,,observed,
r_obs_ind_0144,obs_0144,MEASURES,ind_peak_load,,observed,
r_obs_time_0144,obs_0144,AT_TIME,month_2025-03,,observed,
r_obs_source_obs_0144,obs_0144,FROM_SOURCE,source_016,,observed,
r_obs_ind_0145,obs_0145,MEASURES,ind_mean_temp,,observed,
r_obs_time_0145,obs_0145,AT_TIME,month_2025-03,,observed,
r_obs_source_obs_0145,obs_0145,FROM_SOURCE,source_002,,observed,
r_obs_ind_0146,obs_0146,MEASURES,ind_hot_days,,observed,
r_obs_time_0146,obs_0146,AT_TIME,month_2025-03,,observed,
r_obs_source_obs_0146,obs_0146,FROM_SOURCE,source_002,,observed,
r_obs_ind_0147,obs_0147,MEASURES,ind_cdd18,,observed,
r_obs_time_0147,obs_0147,AT_TIME,month_2025-03,,observed,
r_obs_source_obs_0147,obs_0147,FROM_SOURCE,source_002,,observed,
r_obs_ind_0148,obs_0148,MEASURES,ind_hdd18,,observed,
r_obs_time_0148,obs_0148,AT_TIME,month_2025-03,,observed,
r_obs_source_obs_0148,obs_0148,FROM_SOURCE,source_002,,observed,
r_obs_ind_0149,obs_0149,MEASURES,ind_workdays,,observed,
r_obs_time_0149,obs_0149,AT_TIME,month_2025-03,,observed,
r_obs_ind_0150,obs_0150,MEASURES,ind_holiday_days,,observed,
r_obs_time_0150,obs_0150,AT_TIME,month_2025-03,,observed,
r_anomaly_time_2025-03,anomaly_2025-03,AT_TIME,month_2025-03,,rule-based,
r_month_q_2025-03,month_2025-03,IN_QUARTER,quarter_2025-Q1,,schema,
r_month_region_2025-04,month_2025-04,IN_REGION,region_js,,schema,
r_obs_ind_0151,obs_0151,MEASURES,ind_consumption,,observed,
r_obs_time_0151,obs_0151,AT_TIME,month_2025-04,,observed,
r_obs_source_obs_0151,obs_0151,FROM_SOURCE,source_017,,observed,
r_obs_ind_0152,obs_0152,MEASURES,ind_generation,,observed,
r_obs_time_0152,obs_0152,AT_TIME,month_2025-04,,observed,
r_obs_source_obs_0152,obs_0152,FROM_SOURCE,source_017,,observed,
r_obs_ind_0153,obs_0153,MEASURES,ind_capacity,,observed,
r_obs_time_0153,obs_0153,AT_TIME,month_2025-04,,observed,
r_obs_source_obs_0153,obs_0153,FROM_SOURCE,source_017,,observed,
r_obs_ind_0154,obs_0154,MEASURES,ind_peak_load,,observed,
r_obs_time_0154,obs_0154,AT_TIME,month_2025-04,,observed,
r_obs_source_obs_0154,obs_0154,FROM_SOURCE,source_017,,observed,
r_obs_ind_0155,obs_0155,MEASURES,ind_mean_temp,,observed,
r_obs_time_0155,obs_0155,AT_TIME,month_2025-04,,observed,
r_obs_source_obs_0155,obs_0155,FROM_SOURCE,source_002,,observed,
r_obs_ind_0156,obs_0156,MEASURES,ind_hot_days,,observed,
r_obs_time_0156,obs_0156,AT_TIME,month_2025-04,,observed,
r_obs_source_obs_0156,obs_0156,FROM_SOURCE,source_002,,observed,
r_obs_ind_0157,obs_0157,MEASURES,ind_cdd18,,observed,
r_obs_time_0157,obs_0157,AT_TIME,month_2025-04,,observed,
r_obs_source_obs_0157,obs_0157,FROM_SOURCE,source_002,,observed,
r_obs_ind_0158,obs_0158,MEASURES,ind_hdd18,,observed,
r_obs_time_0158,obs_0158,AT_TIME,month_2025-04,,observed,
r_obs_source_obs_0158,obs_0158,FROM_SOURCE,source_002,,observed,
r_obs_ind_0159,obs_0159,MEASURES,ind_workdays,,observed,
r_obs_time_0159,obs_0159,AT_TIME,month_2025-04,,observed,
r_obs_ind_0160,obs_0160,MEASURES,ind_holiday_days,,observed,
r_obs_time_0160,obs_0160,AT_TIME,month_2025-04,,observed,
r_anomaly_time_2025-04,anomaly_2025-04,AT_TIME,month_2025-04,,rule-based,
r_month_q_2025-04,month_2025-04,IN_QUARTER,quarter_2025-Q2,,schema,
r_month_region_2025-05,month_2025-05,IN_REGION,region_js,,schema,
r_obs_ind_0161,obs_0161,MEASURES,ind_consumption,,observed,
r_obs_time_0161,obs_0161,AT_TIME,month_2025-05,,observed,
r_obs_source_obs_0161,obs_0161,FROM_SOURCE,source_018,,observed,
r_obs_ind_0162,obs_0162,MEASURES,ind_generation,,observed,
r_obs_time_0162,obs_0162,AT_TIME,month_2025-05,,observed,
r_obs_source_obs_0162,obs_0162,FROM_SOURCE,source_018,,observed,
r_obs_ind_0163,obs_0163,MEASURES,ind_capacity,,observed,
r_obs_time_0163,obs_0163,AT_TIME,month_2025-05,,observed,
r_obs_source_obs_0163,obs_0163,FROM_SOURCE,source_018,,observed,
r_obs_ind_0164,obs_0164,MEASURES,ind_peak_load,,observed,
r_obs_time_0164,obs_0164,AT_TIME,month_2025-05,,observed,
r_obs_source_obs_0164,obs_0164,FROM_SOURCE,source_018,,observed,
r_obs_ind_0165,obs_0165,MEASURES,ind_mean_temp,,observed,
r_obs_time_0165,obs_0165,AT_TIME,month_2025-05,,observed,
r_obs_source_obs_0165,obs_0165,FROM_SOURCE,source_002,,observed,
r_obs_ind_0166,obs_0166,MEASURES,ind_hot_days,,observed,
r_obs_time_0166,obs_0166,AT_TIME,month_2025-05,,observed,
r_obs_source_obs_0166,obs_0166,FROM_SOURCE,source_002,,observed,
r_obs_ind_0167,obs_0167,MEASURES,ind_cdd18,,observed,
r_obs_time_0167,obs_0167,AT_TIME,month_2025-05,,observed,
r_obs_source_obs_0167,obs_0167,FROM_SOURCE,source_002,,observed,
r_obs_ind_0168,obs_0168,MEASURES,ind_hdd18,,observed,
r_obs_time_0168,obs_0168,AT_TIME,month_2025-05,,observed,
r_obs_source_obs_0168,obs_0168,FROM_SOURCE,source_002,,observed,
r_obs_ind_0169,obs_0169,MEASURES,ind_workdays,,observed,
r_obs_time_0169,obs_0169,AT_TIME,month_2025-05,,observed,
r_obs_ind_0170,obs_0170,MEASURES,ind_holiday_days,,observed,
r_obs_time_0170,obs_0170,AT_TIME,month_2025-05,,observed,
r_anomaly_time_2025-05,anomaly_2025-05,AT_TIME,month_2025-05,,rule-based,
r_month_q_2025-05,month_2025-05,IN_QUARTER,quarter_2025-Q2,,schema,
r_month_region_2025-06,month_2025-06,IN_REGION,region_js,,schema,
r_obs_ind_0171,obs_0171,MEASURES,ind_consumption,,observed,
r_obs_time_0171,obs_0171,AT_TIME,month_2025-06,,observed,
r_obs_source_obs_0171,obs_0171,FROM_SOURCE,source_019,,observed,
r_obs_ind_0172,obs_0172,MEASURES,ind_generation,,observed,
r_obs_time_0172,obs_0172,AT_TIME,month_2025-06,,observed,
r_obs_source_obs_0172,obs_0172,FROM_SOURCE,source_019,,observed,
r_obs_ind_0173,obs_0173,MEASURES,ind_capacity,,observed,
r_obs_time_0173,obs_0173,AT_TIME,month_2025-06,,observed,
r_obs_source_obs_0173,obs_0173,FROM_SOURCE,source_019,,observed,
r_obs_ind_0174,obs_0174,MEASURES,ind_peak_load,,observed,
r_obs_time_0174,obs_0174,AT_TIME,month_2025-06,,observed,
r_obs_source_obs_0174,obs_0174,FROM_SOURCE,source_019,,observed,
r_obs_ind_0175,obs_0175,MEASURES,ind_mean_temp,,observed,
r_obs_time_0175,obs_0175,AT_TIME,month_2025-06,,observed,
r_obs_source_obs_0175,obs_0175,FROM_SOURCE,source_002,,observed,
r_obs_ind_0176,obs_0176,MEASURES,ind_hot_days,,observed,
r_obs_time_0176,obs_0176,AT_TIME,month_2025-06,,observed,
r_obs_source_obs_0176,obs_0176,FROM_SOURCE,source_002,,observed,
r_obs_ind_0177,obs_0177,MEASURES,ind_cdd18,,observed,
r_obs_time_0177,obs_0177,AT_TIME,month_2025-06,,observed,
r_obs_source_obs_0177,obs_0177,FROM_SOURCE,source_002,,observed,
r_obs_ind_0178,obs_0178,MEASURES,ind_hdd18,,observed,
r_obs_time_0178,obs_0178,AT_TIME,month_2025-06,,observed,
r_obs_source_obs_0178,obs_0178,FROM_SOURCE,source_002,,observed,
r_obs_ind_0179,obs_0179,MEASURES,ind_workdays,,observed,
r_obs_time_0179,obs_0179,AT_TIME,month_2025-06,,observed,
r_obs_ind_0180,obs_0180,MEASURES,ind_holiday_days,,observed,
r_obs_time_0180,obs_0180,AT_TIME,month_2025-06,,observed,
r_anomaly_time_2025-06,anomaly_2025-06,AT_TIME,month_2025-06,,rule-based,
r_month_q_2025-06,month_2025-06,IN_QUARTER,quarter_2025-Q2,,schema,
r_month_region_2025-07,month_2025-07,IN_REGION,region_js,,schema,
r_obs_ind_0181,obs_0181,MEASURES,ind_consumption,,observed,
r_obs_time_0181,obs_0181,AT_TIME,month_2025-07,,observed,
r_obs_source_obs_0181,obs_0181,FROM_SOURCE,source_020,,observed,
r_obs_ind_0182,obs_0182,MEASURES,ind_generation,,observed,
r_obs_time_0182,obs_0182,AT_TIME,month_2025-07,,observed,
r_obs_source_obs_0182,obs_0182,FROM_SOURCE,source_020,,observed,
r_obs_ind_0183,obs_0183,MEASURES,ind_capacity,,observed,
r_obs_time_0183,obs_0183,AT_TIME,month_2025-07,,observed,
r_obs_source_obs_0183,obs_0183,FROM_SOURCE,source_020,,observed,
r_obs_ind_0184,obs_0184,MEASURES,ind_peak_load,,observed,
r_obs_time_0184,obs_0184,AT_TIME,month_2025-07,,observed,
r_obs_source_obs_0184,obs_0184,FROM_SOURCE,source_020,,observed,
r_obs_ind_0185,obs_0185,MEASURES,ind_mean_temp,,observed,
r_obs_time_0185,obs_0185,AT_TIME,month_2025-07,,observed,
r_obs_source_obs_0185,obs_0185,FROM_SOURCE,source_002,,observed,
r_obs_ind_0186,obs_0186,MEASURES,ind_hot_days,,observed,
r_obs_time_0186,obs_0186,AT_TIME,month_2025-07,,observed,
r_obs_source_obs_0186,obs_0186,FROM_SOURCE,source_002,,observed,
r_obs_ind_0187,obs_0187,MEASURES,ind_cdd18,,observed,
r_obs_time_0187,obs_0187,AT_TIME,month_2025-07,,observed,
r_obs_source_obs_0187,obs_0187,FROM_SOURCE,source_002,,observed,
r_obs_ind_0188,obs_0188,MEASURES,ind_hdd18,,observed,
r_obs_time_0188,obs_0188,AT_TIME,month_2025-07,,observed,
r_obs_source_obs_0188,obs_0188,FROM_SOURCE,source_002,,observed,
r_obs_ind_0189,obs_0189,MEASURES,ind_workdays,,observed,
r_obs_time_0189,obs_0189,AT_TIME,month_2025-07,,observed,
r_obs_ind_0190,obs_0190,MEASURES,ind_holiday_days,,observed,
r_obs_time_0190,obs_0190,AT_TIME,month_2025-07,,observed,
r_anomaly_time_2025-07,anomaly_2025-07,AT_TIME,month_2025-07,,rule-based,
r_anomaly_hot_2025-07,anomaly_2025-07,CANDIDATE_CAUSE,concept_high_temp,南京代表点高温证据,proxy-supported,
r_month_q_2025-07,month_2025-07,IN_QUARTER,quarter_2025-Q3,,schema,
r_month_region_2025-08,month_2025-08,IN_REGION,region_js,,schema,
r_obs_ind_0191,obs_0191,MEASURES,ind_consumption,,observed,
r_obs_time_0191,obs_0191,AT_TIME,month_2025-08,,observed,
r_obs_source_obs_0191,obs_0191,FROM_SOURCE,source_021,,observed,
r_obs_ind_0192,obs_0192,MEASURES,ind_generation,,observed,
r_obs_time_0192,obs_0192,AT_TIME,month_2025-08,,observed,
r_obs_source_obs_0192,obs_0192,FROM_SOURCE,source_021,,observed,
r_obs_ind_0193,obs_0193,MEASURES,ind_capacity,,observed,
r_obs_time_0193,obs_0193,AT_TIME,month_2025-08,,observed,
r_obs_source_obs_0193,obs_0193,FROM_SOURCE,source_021,,observed,
r_obs_ind_0194,obs_0194,MEASURES,ind_peak_load,,observed,
r_obs_time_0194,obs_0194,AT_TIME,month_2025-08,,observed,
r_obs_source_obs_0194,obs_0194,FROM_SOURCE,source_021,,observed,
r_obs_ind_0195,obs_0195,MEASURES,ind_mean_temp,,observed,
r_obs_time_0195,obs_0195,AT_TIME,month_2025-08,,observed,
r_obs_source_obs_0195,obs_0195,FROM_SOURCE,source_002,,observed,
r_obs_ind_0196,obs_0196,MEASURES,ind_hot_days,,observed,
r_obs_time_0196,obs_0196,AT_TIME,month_2025-08,,observed,
r_obs_source_obs_0196,obs_0196,FROM_SOURCE,source_002,,observed,
r_obs_ind_0197,obs_0197,MEASURES,ind_cdd18,,observed,
r_obs_time_0197,obs_0197,AT_TIME,month_2025-08,,observed,
r_obs_source_obs_0197,obs_0197,FROM_SOURCE,source_002,,observed,
r_obs_ind_0198,obs_0198,MEASURES,ind_hdd18,,observed,
r_obs_time_0198,obs_0198,AT_TIME,month_2025-08,,observed,
r_obs_source_obs_0198,obs_0198,FROM_SOURCE,source_002,,observed,
r_obs_ind_0199,obs_0199,MEASURES,ind_workdays,,observed,
r_obs_time_0199,obs_0199,AT_TIME,month_2025-08,,observed,
r_obs_ind_0200,obs_0200,MEASURES,ind_holiday_days,,observed,
r_obs_time_0200,obs_0200,AT_TIME,month_2025-08,,observed,
r_anomaly_time_2025-08,anomaly_2025-08,AT_TIME,month_2025-08,,rule-based,
r_anomaly_hot_2025-08,anomaly_2025-08,CANDIDATE_CAUSE,concept_high_temp,南京代表点高温证据,proxy-supported,
r_month_q_2025-08,month_2025-08,IN_QUARTER,quarter_2025-Q3,,schema,
r_month_region_2025-09,month_2025-09,IN_REGION,region_js,,schema,
r_obs_ind_0201,obs_0201,MEASURES,ind_consumption,,observed,
r_obs_time_0201,obs_0201,AT_TIME,month_2025-09,,observed,
r_obs_source_obs_0201,obs_0201,FROM_SOURCE,source_022,,observed,
r_obs_ind_0202,obs_0202,MEASURES,ind_generation,,observed,
r_obs_time_0202,obs_0202,AT_TIME,month_2025-09,,observed,
r_obs_source_obs_0202,obs_0202,FROM_SOURCE,source_022,,observed,
r_obs_ind_0203,obs_0203,MEASURES,ind_capacity,,observed,
r_obs_time_0203,obs_0203,AT_TIME,month_2025-09,,observed,
r_obs_source_obs_0203,obs_0203,FROM_SOURCE,source_022,,observed,
r_obs_ind_0204,obs_0204,MEASURES,ind_peak_load,,observed,
r_obs_time_0204,obs_0204,AT_TIME,month_2025-09,,observed,
r_obs_source_obs_0204,obs_0204,FROM_SOURCE,source_022,,observed,
r_obs_ind_0205,obs_0205,MEASURES,ind_mean_temp,,observed,
r_obs_time_0205,obs_0205,AT_TIME,month_2025-09,,observed,
r_obs_source_obs_0205,obs_0205,FROM_SOURCE,source_002,,observed,
r_obs_ind_0206,obs_0206,MEASURES,ind_hot_days,,observed,
r_obs_time_0206,obs_0206,AT_TIME,month_2025-09,,observed,
r_obs_source_obs_0206,obs_0206,FROM_SOURCE,source_002,,observed,
r_obs_ind_0207,obs_0207,MEASURES,ind_cdd18,,observed,
r_obs_time_0207,obs_0207,AT_TIME,month_2025-09,,observed,
r_obs_source_obs_0207,obs_0207,FROM_SOURCE,source_002,,observed,
r_obs_ind_0208,obs_0208,MEASURES,ind_hdd18,,observed,
r_obs_time_0208,obs_0208,AT_TIME,month_2025-09,,observed,
r_obs_source_obs_0208,obs_0208,FROM_SOURCE,source_002,,observed,
r_obs_ind_0209,obs_0209,MEASURES,ind_workdays,,observed,
r_obs_time_0209,obs_0209,AT_TIME,month_2025-09,,observed,
r_obs_ind_0210,obs_0210,MEASURES,ind_holiday_days,,observed,
r_obs_time_0210,obs_0210,AT_TIME,month_2025-09,,observed,
r_anomaly_time_2025-09,anomaly_2025-09,AT_TIME,month_2025-09,,rule-based,
r_month_q_2025-09,month_2025-09,IN_QUARTER,quarter_2025-Q3,,schema,
r_month_region_2025-10,month_2025-10,IN_REGION,region_js,,schema,
r_obs_ind_0211,obs_0211,MEASURES,ind_consumption,,observed,
r_obs_time_0211,obs_0211,AT_TIME,month_2025-10,,observed,
r_obs_source_obs_0211,obs_0211,FROM_SOURCE,source_023,,observed,
r_obs_ind_0212,obs_0212,MEASURES,ind_generation,,observed,
r_obs_time_0212,obs_0212,AT_TIME,month_2025-10,,observed,
r_obs_source_obs_0212,obs_0212,FROM_SOURCE,source_023,,observed,
r_obs_ind_0213,obs_0213,MEASURES,ind_capacity,,observed,
r_obs_time_0213,obs_0213,AT_TIME,month_2025-10,,observed,
r_obs_source_obs_0213,obs_0213,FROM_SOURCE,source_023,,observed,
r_obs_ind_0214,obs_0214,MEASURES,ind_peak_load,,observed,
r_obs_time_0214,obs_0214,AT_TIME,month_2025-10,,observed,
r_obs_source_obs_0214,obs_0214,FROM_SOURCE,source_023,,observed,
r_obs_ind_0215,obs_0215,MEASURES,ind_mean_temp,,observed,
r_obs_time_0215,obs_0215,AT_TIME,month_2025-10,,observed,
r_obs_source_obs_0215,obs_0215,FROM_SOURCE,source_002,,observed,
r_obs_ind_0216,obs_0216,MEASURES,ind_hot_days,,observed,
r_obs_time_0216,obs_0216,AT_TIME,month_2025-10,,observed,
r_obs_source_obs_0216,obs_0216,FROM_SOURCE,source_002,,observed,
r_obs_ind_0217,obs_0217,MEASURES,ind_cdd18,,observed,
r_obs_time_0217,obs_0217,AT_TIME,month_2025-10,,observed,
r_obs_source_obs_0217,obs_0217,FROM_SOURCE,source_002,,observed,
r_obs_ind_0218,obs_0218,MEASURES,ind_hdd18,,observed,
r_obs_time_0218,obs_0218,AT_TIME,month_2025-10,,observed,
r_obs_source_obs_0218,obs_0218,FROM_SOURCE,source_002,,observed,
r_obs_ind_0219,obs_0219,MEASURES,ind_workdays,,observed,
r_obs_time_0219,obs_0219,AT_TIME,month_2025-10,,observed,
r_obs_ind_0220,obs_0220,MEASURES,ind_holiday_days,,observed,
r_obs_time_0220,obs_0220,AT_TIME,month_2025-10,,observed,
r_anomaly_time_2025-10,anomaly_2025-10,AT_TIME,month_2025-10,,rule-based,
r_month_q_2025-10,month_2025-10,IN_QUARTER,quarter_2025-Q4,,schema,
r_month_region_2025-11,month_2025-11,IN_REGION,region_js,,schema,
r_obs_ind_0221,obs_0221,MEASURES,ind_consumption,,observed,
r_obs_time_0221,obs_0221,AT_TIME,month_2025-11,,observed,
r_obs_source_obs_0221,obs_0221,FROM_SOURCE,source_024,,observed,
r_obs_ind_0222,obs_0222,MEASURES,ind_generation,,observed,
r_obs_time_0222,obs_0222,AT_TIME,month_2025-11,,observed,
r_obs_source_obs_0222,obs_0222,FROM_SOURCE,source_024,,observed,
r_obs_ind_0223,obs_0223,MEASURES,ind_capacity,,observed,
r_obs_time_0223,obs_0223,AT_TIME,month_2025-11,,observed,
r_obs_source_obs_0223,obs_0223,FROM_SOURCE,source_024,,observed,
r_obs_ind_0224,obs_0224,MEASURES,ind_peak_load,,observed,
r_obs_time_0224,obs_0224,AT_TIME,month_2025-11,,observed,
r_obs_source_obs_0224,obs_0224,FROM_SOURCE,source_024,,observed,
r_obs_ind_0225,obs_0225,MEASURES,ind_mean_temp,,observed,
r_obs_time_0225,obs_0225,AT_TIME,month_2025-11,,observed,
r_obs_source_obs_0225,obs_0225,FROM_SOURCE,source_002,,observed,
r_obs_ind_0226,obs_0226,MEASURES,ind_hot_days,,observed,
r_obs_time_0226,obs_0226,AT_TIME,month_2025-11,,observed,
r_obs_source_obs_0226,obs_0226,FROM_SOURCE,source_002,,observed,
r_obs_ind_0227,obs_0227,MEASURES,ind_cdd18,,observed,
r_obs_time_0227,obs_0227,AT_TIME,month_2025-11,,observed,
r_obs_source_obs_0227,obs_0227,FROM_SOURCE,source_002,,observed,
r_obs_ind_0228,obs_0228,MEASURES,ind_hdd18,,observed,
r_obs_time_0228,obs_0228,AT_TIME,month_2025-11,,observed,
r_obs_source_obs_0228,obs_0228,FROM_SOURCE,source_002,,observed,
r_obs_ind_0229,obs_0229,MEASURES,ind_workdays,,observed,
r_obs_time_0229,obs_0229,AT_TIME,month_2025-11,,observed,
r_obs_ind_0230,obs_0230,MEASURES,ind_holiday_days,,observed,
r_obs_time_0230,obs_0230,AT_TIME,month_2025-11,,observed,
r_anomaly_time_2025-11,anomaly_2025-11,AT_TIME,month_2025-11,,rule-based,
r_month_q_2025-11,month_2025-11,IN_QUARTER,quarter_2025-Q4,,schema,
r_month_region_2025-12,month_2025-12,IN_REGION,region_js,,schema,
r_obs_ind_0231,obs_0231,MEASURES,ind_consumption,,observed,
r_obs_time_0231,obs_0231,AT_TIME,month_2025-12,,observed,
r_obs_source_obs_0231,obs_0231,FROM_SOURCE,source_025,,observed,
r_obs_ind_0232,obs_0232,MEASURES,ind_generation,,observed,
r_obs_time_0232,obs_0232,AT_TIME,month_2025-12,,observed,
r_obs_source_obs_0232,obs_0232,FROM_SOURCE,source_025,,observed,
r_obs_ind_0233,obs_0233,MEASURES,ind_capacity,,observed,
r_obs_time_0233,obs_0233,AT_TIME,month_2025-12,,observed,
r_obs_source_obs_0233,obs_0233,FROM_SOURCE,source_025,,observed,
r_obs_ind_0234,obs_0234,MEASURES,ind_peak_load,,observed,
r_obs_time_0234,obs_0234,AT_TIME,month_2025-12,,observed,
r_obs_source_obs_0234,obs_0234,FROM_SOURCE,source_025,,observed,
r_obs_ind_0235,obs_0235,MEASURES,ind_mean_temp,,observed,
r_obs_time_0235,obs_0235,AT_TIME,month_2025-12,,observed,
r_obs_source_obs_0235,obs_0235,FROM_SOURCE,source_002,,observed,
r_obs_ind_0236,obs_0236,MEASURES,ind_hot_days,,observed,
r_obs_time_0236,obs_0236,AT_TIME,month_2025-12,,observed,
r_obs_source_obs_0236,obs_0236,FROM_SOURCE,source_002,,observed,
r_obs_ind_0237,obs_0237,MEASURES,ind_cdd18,,observed,
r_obs_time_0237,obs_0237,AT_TIME,month_2025-12,,observed,
r_obs_source_obs_0237,obs_0237,FROM_SOURCE,source_002,,observed,
r_obs_ind_0238,obs_0238,MEASURES,ind_hdd18,,observed,
r_obs_time_0238,obs_0238,AT_TIME,month_2025-12,,observed,
r_obs_source_obs_0238,obs_0238,FROM_SOURCE,source_002,,observed,
r_obs_ind_0239,obs_0239,MEASURES,ind_workdays,,observed,
r_obs_time_0239,obs_0239,AT_TIME,month_2025-12,,observed,
r_obs_ind_0240,obs_0240,MEASURES,ind_holiday_days,,observed,
r_obs_time_0240,obs_0240,AT_TIME,month_2025-12,,observed,
r_anomaly_time_2025-12,anomaly_2025-12,AT_TIME,month_2025-12,,rule-based,
r_month_q_2025-12,month_2025-12,IN_QUARTER,quarter_2025-Q4,,schema,
r_obs_ind_0241,obs_0241,MEASURES,ind_gdp,,observed,
r_obs_time_0241,obs_0241,AT_TIME,quarter_2024-Q1,,observed,
r_obs_source_obs_0241,obs_0241,FROM_SOURCE,source_026,,observed,
r_obs_ind_0242,obs_0242,MEASURES,ind_secondary_gdp,,observed,
r_obs_time_0242,obs_0242,AT_TIME,quarter_2024-Q1,,observed,
r_obs_source_obs_0242,obs_0242,FROM_SOURCE,source_026,,observed,
r_obs_ind_0243,obs_0243,MEASURES,ind_tertiary_gdp,,observed,
r_obs_time_0243,obs_0243,AT_TIME,quarter_2024-Q1,,observed,
r_obs_source_obs_0243,obs_0243,FROM_SOURCE,source_026,,observed,
r_obs_ind_0244,obs_0244,MEASURES,ind_gdp,,observed,
r_obs_time_0244,obs_0244,AT_TIME,quarter_2024-Q2,,observed,
r_obs_source_obs_0244,obs_0244,FROM_SOURCE,source_027,,observed,
r_obs_ind_0245,obs_0245,MEASURES,ind_secondary_gdp,,observed,
r_obs_time_0245,obs_0245,AT_TIME,quarter_2024-Q2,,observed,
r_obs_source_obs_0245,obs_0245,FROM_SOURCE,source_027,,observed,
r_obs_ind_0246,obs_0246,MEASURES,ind_tertiary_gdp,,observed,
r_obs_time_0246,obs_0246,AT_TIME,quarter_2024-Q2,,observed,
r_obs_source_obs_0246,obs_0246,FROM_SOURCE,source_027,,observed,
r_obs_ind_0247,obs_0247,MEASURES,ind_gdp,,observed,
r_obs_time_0247,obs_0247,AT_TIME,quarter_2024-Q3,,observed,
r_obs_source_obs_0247,obs_0247,FROM_SOURCE,source_028,,observed,
r_obs_ind_0248,obs_0248,MEASURES,ind_secondary_gdp,,observed,
r_obs_time_0248,obs_0248,AT_TIME,quarter_2024-Q3,,observed,
r_obs_source_obs_0248,obs_0248,FROM_SOURCE,source_028,,observed,
r_obs_ind_0249,obs_0249,MEASURES,ind_tertiary_gdp,,observed,
r_obs_time_0249,obs_0249,AT_TIME,quarter_2024-Q3,,observed,
r_obs_source_obs_0249,obs_0249,FROM_SOURCE,source_028,,observed,
r_obs_ind_0250,obs_0250,MEASURES,ind_gdp,,observed,
r_obs_time_0250,obs_0250,AT_TIME,quarter_2024-Q4,,observed,
r_obs_source_obs_0250,obs_0250,FROM_SOURCE,source_029,,observed,
r_obs_ind_0251,obs_0251,MEASURES,ind_secondary_gdp,,observed,
r_obs_time_0251,obs_0251,AT_TIME,quarter_2024-Q4,,observed,
r_obs_source_obs_0251,obs_0251,FROM_SOURCE,source_029,,observed,
r_obs_ind_0252,obs_0252,MEASURES,ind_tertiary_gdp,,observed,
r_obs_time_0252,obs_0252,AT_TIME,quarter_2024-Q4,,observed,
r_obs_source_obs_0252,obs_0252,FROM_SOURCE,source_029,,observed,
r_obs_ind_0253,obs_0253,MEASURES,ind_gdp,,observed,
r_obs_time_0253,obs_0253,AT_TIME,quarter_2025-Q1,,observed,
r_obs_source_obs_0253,obs_0253,FROM_SOURCE,source_030,,observed,
r_obs_ind_0254,obs_0254,MEASURES,ind_secondary_gdp,,observed,
r_obs_time_0254,obs_0254,AT_TIME,quarter_2025-Q1,,observed,
r_obs_source_obs_0254,obs_0254,FROM_SOURCE,source_030,,observed,
r_obs_ind_0255,obs_0255,MEASURES,ind_tertiary_gdp,,observed,
r_obs_time_0255,obs_0255,AT_TIME,quarter_2025-Q1,,observed,
r_obs_source_obs_0255,obs_0255,FROM_SOURCE,source_030,,observed,
r_obs_ind_0256,obs_0256,MEASURES,ind_gdp,,observed,
r_obs_time_0256,obs_0256,AT_TIME,quarter_2025-Q2,,observed,
r_obs_source_obs_0256,obs_0256,FROM_SOURCE,source_031,,observed,
r_obs_ind_0257,obs_0257,MEASURES,ind_secondary_gdp,,observed,
r_obs_time_0257,obs_0257,AT_TIME,quarter_2025-Q2,,observed,
r_obs_source_obs_0257,obs_0257,FROM_SOURCE,source_031,,observed,
r_obs_ind_0258,obs_0258,MEASURES,ind_tertiary_gdp,,observed,
r_obs_time_0258,obs_0258,AT_TIME,quarter_2025-Q2,,observed,
r_obs_source_obs_0258,obs_0258,FROM_SOURCE,source_031,,observed,
r_obs_ind_0259,obs_0259,MEASURES,ind_gdp,,observed,
r_obs_time_0259,obs_0259,AT_TIME,quarter_2025-Q3,,observed,
r_obs_source_obs_0259,obs_0259,FROM_SOURCE,source_032,,observed,
r_obs_ind_0260,obs_0260,MEASURES,ind_secondary_gdp,,observed,
r_obs_time_0260,obs_0260,AT_TIME,quarter_2025-Q3,,observed,
r_obs_source_obs_0260,obs_0260,FROM_SOURCE,source_032,,observed,
r_obs_ind_0261,obs_0261,MEASURES,ind_tertiary_gdp,,observed,
r_obs_time_0261,obs_0261,AT_TIME,quarter_2025-Q3,,observed,
r_obs_source_obs_0261,obs_0261,FROM_SOURCE,source_032,,observed,
r_obs_ind_0262,obs_0262,MEASURES,ind_gdp,,observed,
r_obs_time_0262,obs_0262,AT_TIME,quarter_2025-Q4,,observed,
r_obs_source_obs_0262,obs_0262,FROM_SOURCE,source_033,,observed,
r_obs_ind_0263,obs_0263,MEASURES,ind_secondary_gdp,,observed,
r_obs_time_0263,obs_0263,AT_TIME,quarter_2025-Q4,,observed,
r_obs_source_obs_0263,obs_0263,FROM_SOURCE,source_033,,observed,
r_obs_ind_0264,obs_0264,MEASURES,ind_tertiary_gdp,,observed,
r_obs_time_0264,obs_0264,AT_TIME,quarter_2025-Q4,,observed,
r_obs_source_obs_0264,obs_0264,FROM_SOURCE,source_033,,observed,
