region,sector,period,date,cumulative_value_100m_yuan,cumulative_yoy_pct,single_quarter_value_100m_yuan
浙江,第一产业,1997Q1,1997-03-01,950.0,12.0,950.0
浙江,第一产业,1997Q2,1997-06-01,1950.0,11.0,1000.0
浙江,第一产业,1997Q3,1997-09-01,365.0,4.0,-1585.0
浙江,第一产业,1997Q4,1997-12-01,635.0,4.0,270.0
浙江,第一产业,1998Q1,1998-03-01,90.0,2.4,-545.0
浙江,第一产业,1998Q2,1998-06-01,200.0,-2.0,110.0
浙江,第一产业,1998Q3,1998-09-01,340.0,-1.6,140.0
浙江,第一产业,1998Q4,1998-12-01,631.31,3.2,291.31
浙江,第一产业,1999Q1,1999-03-01,97.0,2.8,-534.31
浙江,第一产业,1999Q2,1999-06-01,221.8,5.5,124.8
浙江,第一产业,1999Q3,1999-09-01,354.23,4.7,132.43
浙江,第一产业,1999Q4,1999-12-01,636.0,4.3,281.77
浙江,第一产业,2000Q1,2000-03-01,107.22,4.9,-528.78
浙江,第一产业,2000Q2,2000-06-01,256.15,4.9,148.93
浙江,第一产业,2000Q3,2000-09-01,386.18,5.2,130.03
浙江,第一产业,2000Q4,2000-12-01,650.0,4.5,263.82
浙江,第一产业,2001Q1,2001-03-01,110.0,2.0,-540.0
浙江,第一产业,2001Q2,2001-06-01,274.0,4.0,164.0
浙江,第一产业,2001Q3,2001-09-01,424.0,4.0,150.0
浙江,第一产业,2001Q4,2001-12-01,690.0,4.1,266.0
浙江,第一产业,2002Q1,2002-03-01,105.0,4.2,-585.0
浙江,第一产业,2002Q2,2002-06-01,270.0,2.6,165.0
浙江,第一产业,2002Q3,2002-09-01,410.0,3.1,140.0
浙江,第一产业,2002Q4,2002-12-01,680.0,3.3,270.0
浙江,第一产业,2003Q1,2003-03-01,120.0,2.4,-560.0
浙江,第一产业,2003Q2,2003-06-01,288.0,1.6,168.0
浙江,第一产业,2003Q3,2003-09-01,428.0,2.0,140.0
浙江,第一产业,2003Q4,2003-12-01,722.0,2.7,294.0
浙江,第一产业,2004Q1,2004-03-01,128.0,2.2,-594.0
浙江,第一产业,2004Q2,2004-06-01,328.0,2.3,200.0
浙江,第一产业,2004Q3,2004-09-01,488.0,2.5,160.0
浙江,第一产业,2004Q4,2004-12-01,816.0,3.7,328.0
浙江,第一产业,2005Q1,2005-03-01,142.07,1.9,-673.93
浙江,第一产业,2005Q2,2005-06-01,353.31,2.9,211.24
浙江,第一产业,2005Q3,2005-09-01,531.6,2.3,178.29
浙江,第一产业,2005Q4,2005-12-01,872.55,1.6,340.95
浙江,第一产业,2006Q1,2006-03-01,148.0,2.2,-724.55
浙江,第一产业,2006Q2,2006-06-01,363.48,2.5,215.48
浙江,第一产业,2006Q3,2006-09-01,553.94,3.0,190.46
浙江,第一产业,2006Q4,2006-12-01,922.98,3.0,369.04
浙江,第一产业,2007Q1,2007-03-01,149.54,2.8,-773.44
浙江,第一产业,2007Q2,2007-06-01,394.86,2.9,245.32
浙江,第一产业,2007Q3,2007-09-01,609.68,2.8,214.82
浙江,第一产业,2007Q4,2007-12-01,1025.27,2.8,415.59
浙江,第一产业,2008Q1,2008-03-01,168.68,-0.8,-856.59
浙江,第一产业,2008Q2,2008-06-01,440.26,1.3,271.58
浙江,第一产业,2008Q3,2008-09-01,685.6,2.9,245.34
浙江,第一产业,2008Q4,2008-12-01,1095.4,3.9,409.8
浙江,第一产业,2009Q1,2009-03-01,170.9,2.0,-924.5
浙江,第一产业,2009Q2,2009-06-01,432.9,0.7,262.0
浙江,第一产业,2009Q3,2009-09-01,694.4,1.8,261.5
浙江,第一产业,2009Q4,2009-12-01,1161.65,2.3,467.25
浙江,第一产业,2010Q1,2010-03-01,185.3,3.3,-976.35
浙江,第一产业,2010Q2,2010-06-01,506.8,2.0,321.5
浙江,第一产业,2010Q3,2010-09-01,809.8,3.2,303.0
浙江,第一产业,2010Q4,2010-12-01,1360.7,3.2,550.9
浙江,第一产业,2011Q1,2011-03-01,215.06,3.1,-1145.64
浙江,第一产业,2011Q2,2011-06-01,593.4,3.0,378.34
浙江,第一产业,2011Q3,2011-09-01,951.6,3.0,358.2
浙江,第一产业,2011Q4,2011-12-01,1580.6,3.6,629.0
浙江,第一产业,2012Q1,2012-03-01,242.7,0.8,-1337.9
浙江,第一产业,2012Q2,2012-06-01,655.7,2.1,413.0
浙江,第一产业,2012Q3,2012-09-01,1029.4,2.1,373.7
浙江,第一产业,2012Q4,2012-12-01,1669.5,2.0,640.1
浙江,第一产业,2013Q1,2013-03-01,258.3,2.6,-1411.2
浙江,第一产业,2013Q2,2013-06-01,679.9,2.4,421.6
浙江,第一产业,2013Q3,2013-09-01,1074.5,1.8,394.6
浙江,第一产业,2013Q4,2013-12-01,1784.62,0.4,710.12
浙江,第一产业,2014Q1,2014-03-01,274.21,0.3,-1510.41
浙江,第一产业,2014Q2,2014-06-01,755.2,0.9,480.99
浙江,第一产业,2014Q3,2014-09-01,1153.41,1.1,398.21
浙江,第一产业,2014Q4,2014-12-01,1779.26,1.4,625.85
浙江,第一产业,2015Q1,2015-03-01,278.19,1.1,-1501.07
浙江,第一产业,2015Q2,2015-06-01,763.3,1.2,485.11
浙江,第一产业,2015Q3,2015-09-01,1161.16,1.1,397.86
浙江,第一产业,2015Q4,2015-12-01,1832.8,1.5,671.64
浙江,第一产业,2016Q1,2016-03-01,301.8,1.2,-1531.0
浙江,第一产业,2016Q2,2016-06-01,832.49,1.7,530.69
浙江,第一产业,2016Q3,2016-09-01,1251.14,2.5,418.65
浙江,第一产业,2016Q4,2016-12-01,1966.54,2.7,715.4
浙江,第一产业,2017Q1,2017-03-01,297.08,1.1,-1669.46
浙江,第一产业,2017Q2,2017-06-01,820.48,1.5,523.4
浙江,第一产业,2017Q3,2017-09-01,1247.79,1.9,427.31
浙江,第一产业,2017Q4,2017-12-01,2017.43,2.8,769.64
浙江,第一产业,2018Q1,2018-03-01,303.4,1.4,-1714.03
浙江,第一产业,2018Q2,2018-06-01,804.9,1.5,501.5
浙江,第一产业,2018Q3,2018-09-01,1233.01,1.8,428.11
浙江,第一产业,2018Q4,2018-12-01,1967.01,1.9,734.0
浙江,第一产业,2019Q1,2019-03-01,311.11,1.5,-1655.9
浙江,第一产业,2019Q2,2019-06-01,872.46,1.6,561.35
浙江,第一产业,2019Q3,2019-09-01,1330.26,1.7,457.8
浙江,第一产业,2019Q4,2019-12-01,2097.38,2.0,767.12
浙江,第一产业,2020Q1,2020-03-01,334.99,-0.7,-1762.39
浙江,第一产业,2020Q2,2020-06-01,913.59,1.3,578.6
浙江,第一产业,2020Q3,2020-09-01,1389.18,1.4,475.59
浙江,第一产业,2020Q4,2020-12-01,2169.23,1.3,780.05
浙江,第一产业,2021Q1,2021-03-01,337.17,2.8,-1832.06
浙江,第一产业,2021Q2,2021-06-01,934.95,3.1,597.78
浙江,第一产业,2021Q3,2021-09-01,1407.2,2.7,472.25
浙江,第一产业,2021Q4,2021-12-01,2209.09,2.2,801.89
浙江,第一产业,2022Q1,2022-03-01,336.25,2.4,-1872.84
浙江,第一产业,2022Q2,2022-06-01,954.96,3.4,618.71
浙江,第一产业,2022Q3,2022-09-01,1462.7,2.8,507.74
浙江,第一产业,2022Q4,2022-12-01,2324.77,3.2,862.07
浙江,第一产业,2023Q1,2023-03-01,365.69,4.1,-1959.08
浙江,第一产业,2023Q2,2023-06-01,1049.84,4.3,684.15
浙江,第一产业,2023Q3,2023-09-01,1580.12,3.9,530.28
浙江,第一产业,2023Q4,2023-12-01,2331.97,4.2,751.85
浙江,第一产业,2024Q1,2024-03-01,347.0,3.9,-1984.97
浙江,第一产业,2024Q2,2024-06-01,1010.0,3.8,663.0
浙江,第一产业,2024Q3,2024-09-01,1554.0,3.7,544.0
浙江,第一产业,2024Q4,2024-12-01,2586.0,3.5,1032.0
浙江,第一产业,2025Q1,2025-03-01,398.0,3.3,-2188.0
浙江,第一产业,2025Q2,2025-06-01,1132.0,3.5,734.0
浙江,第一产业,2025Q3,2025-09-01,1735.0,3.7,603.0
浙江,第一产业,2025Q4,2025-12-01,2657.0,3.9,922.0
浙江,第二产业,1997Q1,1997-03-01,93.0,4.2,93.0
浙江,第二产业,1997Q2,1997-06-01,230.0,7.3,137.0
浙江,第二产业,1997Q3,1997-09-01,1665.0,12.1,1435.0
浙江,第二产业,1997Q4,1997-12-01,2460.0,12.6,795.0
浙江,第二产业,1998Q1,1998-03-01,560.0,10.8,-1900.0
浙江,第二产业,1998Q2,1998-06-01,1186.0,10.9,626.0
浙江,第二产业,1998Q3,1998-09-01,1830.61,11.1,644.61
浙江,第二产业,1998Q4,1998-12-01,2709.08,10.8,878.47
浙江,第二产业,1999Q1,1999-03-01,611.42,12.3,-2097.66
浙江,第二产业,1999Q2,1999-06-01,1286.54,11.3,675.12
浙江,第二产业,1999Q3,1999-09-01,1992.47,11.5,705.93
浙江,第二产业,1999Q4,1999-12-01,2906.0,11.3,913.53
浙江,第二产业,2000Q1,2000-03-01,664.56,11.8,-2241.44
浙江,第二产业,2000Q2,2000-06-01,1400.14,11.9,735.58
浙江,第二产业,2000Q3,2000-09-01,2193.39,11.8,793.25
浙江,第二产业,2000Q4,2000-12-01,3200.0,11.8,1006.61
浙江,第二产业,2001Q1,2001-03-01,747.0,11.8,-2453.0
浙江,第二产业,2001Q2,2001-06-01,1642.0,11.6,895.0
浙江,第二产业,2001Q3,2001-09-01,2503.0,11.1,861.0
浙江,第二产业,2001Q4,2001-12-01,3440.0,11.0,937.0
浙江,第二产业,2002Q1,2002-03-01,870.0,11.2,-2570.0
浙江,第二产业,2002Q2,2002-06-01,1815.0,13.0,945.0
浙江,第二产业,2002Q3,2002-09-01,2814.0,13.3,999.0
浙江,第二产业,2002Q4,2002-12-01,3925.0,13.3,1111.0
浙江,第二产业,2003Q1,2003-03-01,1000.0,14.8,-2925.0
浙江,第二产业,2003Q2,2003-06-01,2147.0,14.5,1147.0
浙江,第二产业,2003Q3,2003-09-01,3410.0,14.8,1263.0
浙江,第二产业,2003Q4,2003-12-01,4830.0,16.6,1420.0
浙江,第二产业,2004Q1,2004-03-01,1248.0,16.8,-3582.0
浙江,第二产业,2004Q2,2004-06-01,2732.0,17.8,1484.0
浙江,第二产业,2004Q3,2004-09-01,4293.0,16.9,1561.0
浙江,第二产业,2004Q4,2004-12-01,6045.0,16.2,1752.0
浙江,第二产业,2005Q1,2005-03-01,1469.54,14.5,-4575.46
浙江,第二产业,2005Q2,2005-06-01,3418.72,13.0,1949.18
浙江,第二产业,2005Q3,2005-09-01,4982.98,13.3,1564.26
浙江,第二产业,2005Q4,2005-12-01,7147.81,12.1,2164.83
浙江,第二产业,2006Q1,2006-03-01,1788.59,17.1,-5359.22
浙江,第二产业,2006Q2,2006-06-01,3810.04,14.8,2021.45
浙江,第二产业,2006Q3,2006-09-01,5982.91,14.3,2172.87
浙江,第二产业,2006Q4,2006-12-01,8437.71,13.9,2454.8
浙江,第二产业,2007Q1,2007-03-01,2115.75,14.3,-6321.96
浙江,第二产业,2007Q2,2007-06-01,4468.25,15.4,2352.5
浙江,第二产业,2007Q3,2007-09-01,7025.41,14.9,2557.16
浙江,第二产业,2007Q4,2007-12-01,10092.0,15.4,3066.59
浙江,第二产业,2008Q1,2008-03-01,2497.61,12.5,-7594.39
浙江,第二产业,2008Q2,2008-06-01,5291.97,11.5,2794.36
浙江,第二产业,2008Q3,2008-09-01,8279.5,10.6,2987.53
浙江,第二产业,2008Q4,2008-12-01,11580.3,9.4,3300.8
浙江,第二产业,2009Q1,2009-03-01,2315.4,-3.0,-9264.9
浙江,第二产业,2009Q2,2009-06-01,5067.5,1.9,2752.1
浙江,第二产业,2009Q3,2009-09-01,8160.5,4.5,3093.0
浙江,第二产业,2009Q4,2009-12-01,11843.3,6.8,3682.8
浙江,第二产业,2010Q1,2010-03-01,2676.5,18.6,-9166.8
浙江,第二产业,2010Q2,2010-06-01,6129.67,16.5,3453.17
浙江,第二产业,2010Q3,2010-09-01,9723.4,14.3,3593.73
浙江,第二产业,2010Q4,2010-12-01,14121.3,12.3,4397.9
浙江,第二产业,2011Q1,2011-03-01,3167.51,10.8,-10953.79
浙江,第二产业,2011Q2,2011-06-01,7600.2,10.1,4432.69
浙江,第二产业,2011Q3,2011-09-01,11683.7,9.7,4083.5
浙江,第二产业,2011Q4,2011-12-01,16404.2,9.1,4720.5
浙江,第二产业,2012Q1,2012-03-01,3344.2,6.4,-13060.0
浙江,第二产业,2012Q2,2012-06-01,8005.9,6.5,4661.7
浙江,第二产业,2012Q3,2012-09-01,12269.0,6.8,4263.1
浙江,第二产业,2012Q4,2012-12-01,17312.4,7.3,5043.4
浙江,第二产业,2013Q1,2013-03-01,3556.6,8.6,-13755.8
浙江,第二产业,2013Q2,2013-06-01,8440.3,8.9,4883.7
浙江,第二产业,2013Q3,2013-09-01,13057.6,8.5,4617.3
浙江,第二产业,2013Q4,2013-12-01,18446.65,8.4,5389.05
浙江,第二产业,2014Q1,2014-03-01,3744.93,6.5,-14701.72
浙江,第二产业,2014Q2,2014-06-01,8915.35,6.5,5170.42
浙江,第二产业,2014Q3,2014-09-01,13849.62,6.9,4934.27
浙江,第二产业,2014Q4,2014-12-01,19152.73,7.1,5303.11
浙江,第二产业,2015Q1,2015-03-01,3772.22,6.0,-15380.51
浙江,第二产业,2015Q2,2015-06-01,8870.56,5.8,5098.34
浙江,第二产业,2015Q3,2015-09-01,13664.82,5.4,4794.26
浙江,第二产业,2015Q4,2015-12-01,19707.09,5.4,6042.27
浙江,第二产业,2016Q1,2016-03-01,3979.02,5.0,-15728.07
浙江,第二产业,2016Q2,2016-06-01,9113.78,6.1,5134.76
浙江,第二产业,2016Q3,2016-09-01,14329.73,6.2,5215.95
浙江,第二产业,2016Q4,2016-12-01,20517.83,5.8,6188.1
浙江,第二产业,2017Q1,2017-03-01,4436.0,6.1,-16081.83
浙江,第二产业,2017Q2,2017-06-01,10174.91,6.6,5738.91
浙江,第二产业,2017Q3,2017-09-01,16663.59,7.3,6488.68
浙江,第二产业,2017Q4,2017-12-01,22471.52,7.0,5807.93
浙江,第二产业,2018Q1,2018-03-01,4837.46,6.9,-17634.06
浙江,第二产业,2018Q2,2018-06-01,10952.88,7.4,6115.42
浙江,第二产业,2018Q3,2018-09-01,16923.11,7.2,5970.23
浙江,第二产业,2018Q4,2018-12-01,23505.88,6.7,6582.77
浙江,第二产业,2019Q1,2019-03-01,5232.88,7.9,-18273.0
浙江,第二产业,2019Q2,2019-06-01,11594.5,6.1,6361.62
浙江,第二产业,2019Q3,2019-09-01,17837.72,5.7,6243.22
浙江,第二产业,2019Q4,2019-12-01,26566.6,5.9,8728.88
浙江,第二产业,2020Q1,2020-03-01,4930.22,-11.0,-21636.38
浙江,第二产业,2020Q2,2020-06-01,11620.02,-2.0,6689.8
浙江,第二产业,2020Q3,2020-09-01,18578.54,1.0,6958.52
浙江,第二产业,2020Q4,2020-12-01,26412.95,3.1,7834.41
浙江,第二产业,2021Q1,2021-03-01,6381.82,27.1,-20031.13
浙江,第二产业,2021Q2,2021-06-01,14177.49,16.9,7795.67
浙江,第二产业,2021Q3,2021-09-01,22008.51,13.3,7831.02
浙江,第二产业,2021Q4,2021-12-01,31188.57,10.2,9180.06
浙江,第二产业,2022Q1,2022-03-01,7408.46,7.6,-23780.11
浙江,第二产业,2022Q2,2022-06-01,15521.77,3.7,8113.31
浙江,第二产业,2022Q3,2022-09-01,23965.1,4.0,8443.33
浙江,第二产业,2022Q4,2022-12-01,33205.17,3.4,9240.07
浙江,第二产业,2023Q1,2023-03-01,7494.47,2.7,-25710.7
浙江,第二产业,2023Q2,2023-06-01,15800.09,4.7,8305.62
浙江,第二产业,2023Q3,2023-09-01,24433.73,5.1,8633.64
浙江,第二产业,2023Q4,2023-12-01,33952.67,5.0,9518.94
浙江,第二产业,2024Q1,2024-03-01,7908.0,7.3,-26044.67
浙江,第二产业,2024Q2,2024-06-01,16546.0,6.5,8638.0
浙江,第二产业,2024Q3,2024-09-01,25670.0,6.3,9124.0
浙江,第二产业,2024Q4,2024-12-01,34783.0,6.1,9113.0
浙江,第二产业,2025Q1,2025-03-01,8249.0,6.5,-26534.0
浙江,第二产业,2025Q2,2025-06-01,16952.0,5.6,8703.0
浙江,第二产业,2025Q3,2025-09-01,26086.0,5.2,9134.0
浙江,第二产业,2025Q4,2025-12-01,35682.0,5.1,9596.0
浙江,第三产业,1997Q1,1997-03-01,513.0,13.0,513.0
浙江,第三产业,1997Q2,1997-06-01,1080.0,11.8,567.0
浙江,第三产业,1997Q3,1997-09-01,974.08,10.6,-105.92
浙江,第三产业,1997Q4,1997-12-01,1505.0,10.9,530.92
浙江,第三产业,1998Q1,1998-03-01,380.0,9.6,-1125.0
浙江,第三产业,1998Q2,1998-06-01,704.0,10.2,324.0
浙江,第三产业,1998Q3,1998-09-01,1089.18,9.9,385.18
浙江,第三产业,1998Q4,1998-12-01,1647.11,11.5,557.93
浙江,第三产业,1999Q1,1999-03-01,413.05,10.1,-1234.06
浙江,第三产业,1999Q2,1999-06-01,756.08,8.9,343.03
浙江,第三产业,1999Q3,1999-09-01,1182.67,8.8,426.59
浙江,第三产业,1999Q4,1999-12-01,1808.0,9.4,625.33
浙江,第三产业,2000Q1,2000-03-01,498.34,9.8,-1309.66
浙江,第三产业,2000Q2,2000-06-01,952.7,10.3,454.36
浙江,第三产业,2000Q3,2000-09-01,1480.43,11.1,527.73
浙江,第三产业,2000Q4,2000-12-01,2180.0,11.5,699.57
浙江,第三产业,2001Q1,2001-03-01,555.0,10.7,-1625.0
浙江,第三产业,2001Q2,2001-06-01,1220.0,10.7,665.0
浙江,第三产业,2001Q3,2001-09-01,1825.0,10.9,605.0
浙江,第三产业,2001Q4,2001-12-01,2570.0,11.9,745.0
浙江,第三产业,2002Q1,2002-03-01,715.0,12.8,-1855.0
浙江,第三产业,2002Q2,2002-06-01,1435.0,12.9,720.0
浙江,第三产业,2002Q3,2002-09-01,2182.0,12.6,747.0
浙江,第三产业,2002Q4,2002-12-01,3065.0,13.4,883.0
浙江,第三产业,2003Q1,2003-03-01,830.0,13.4,-2235.0
浙江,第三产业,2003Q2,2003-06-01,1685.0,12.6,855.0
浙江,第三产业,2003Q3,2003-09-01,2567.0,13.1,882.0
浙江,第三产业,2003Q4,2003-12-01,3648.0,13.2,1081.0
浙江,第三产业,2004Q1,2004-03-01,1009.0,14.7,-2639.0
浙江,第三产业,2004Q2,2004-06-01,2050.0,14.9,1041.0
浙江,第三产业,2004Q3,2004-09-01,3089.0,13.8,1039.0
浙江,第三产业,2004Q4,2004-12-01,4382.0,13.9,1293.0
浙江,第三产业,2005Q1,2005-03-01,1134.48,10.7,-3247.52
浙江,第三产业,2005Q2,2005-06-01,2321.97,11.8,1187.49
浙江,第三产业,2005Q3,2005-09-01,3501.42,12.0,1179.45
浙江,第三产业,2005Q4,2005-12-01,5345.15,14.9,1843.73
浙江,第三产业,2006Q1,2006-03-01,1382.79,12.4,-3962.36
浙江,第三产业,2006Q2,2006-06-01,2949.88,14.8,1567.09
浙江,第三产业,2006Q3,2006-09-01,4460.05,14.8,1510.17
浙江,第三产业,2006Q4,2006-12-01,6288.24,15.1,1828.19
浙江,第三产业,2007Q1,2007-03-01,1633.72,16.2,-4654.52
浙江,第三产业,2007Q2,2007-06-01,3481.28,15.3,1847.56
浙江,第三产业,2007Q3,2007-09-01,5349.0,15.9,1867.72
浙江,第三产业,2007Q4,2007-12-01,7521.09,15.1,2172.09
浙江,第三产业,2008Q1,2008-03-01,1935.68,12.0,-5585.41
浙江,第三产业,2008Q2,2008-06-01,4156.52,12.3,2220.84
浙江,第三产业,2008Q3,2008-09-01,6336.8,11.5,2180.28
浙江,第三产业,2008Q4,2008-12-01,8811.2,11.8,2474.4
浙江,第三产业,2009Q1,2009-03-01,2145.8,11.4,-6665.4
浙江,第三产业,2009Q2,2009-06-01,4543.1,12.2,2397.3
浙江,第三产业,2009Q3,2009-09-01,6973.2,12.5,2430.1
浙江,第三产业,2009Q4,2009-12-01,9827.48,12.5,2854.28
浙江,第三产业,2010Q1,2010-03-01,2501.5,12.3,-7325.98
浙江,第三产业,2010Q2,2010-06-01,5356.61,11.4,2855.11
浙江,第三产业,2010Q3,2010-09-01,8231.9,11.3,2875.29
浙江,第三产业,2010Q4,2010-12-01,11744.8,12.1,3512.9
浙江,第三产业,2011Q1,2011-03-01,2928.67,10.5,-8816.13
浙江,第三产业,2011Q2,2011-06-01,6460.0,10.3,3531.33
浙江,第三产业,2011Q3,2011-09-01,9992.1,9.7,3532.1
浙江,第三产业,2011Q4,2011-12-01,14015.4,9.4,4023.3
浙江,第三产业,2012Q1,2012-03-01,3137.8,8.2,-10877.6
浙江,第三产业,2012Q2,2012-06-01,7128.8,8.8,3991.0
浙江,第三产业,2012Q3,2012-09-01,10916.5,9.2,3787.7
浙江,第三产业,2012Q4,2012-12-01,15624.4,9.3,4707.9
浙江,第三产业,2013Q1,2013-03-01,3446.7,8.2,-12177.7
浙江,第三产业,2013Q2,2013-06-01,7833.7,8.1,4387.0
浙江,第三产业,2013Q3,2013-09-01,12063.0,8.5,4229.3
浙江,第三产业,2013Q4,2013-12-01,17337.22,8.7,5274.22
浙江,第三产业,2014Q1,2014-03-01,3749.32,7.9,-13587.9
浙江,第三产业,2014Q2,2014-06-01,8307.66,8.4,4558.34
浙江,第三产业,2014Q3,2014-09-01,12819.16,8.4,4511.5
浙江,第三产业,2014Q4,2014-12-01,19221.51,8.7,6402.35
浙江,第三产业,2015Q1,2015-03-01,4291.97,10.8,-14929.54
浙江,第三产业,2015Q2,2015-06-01,9646.83,11.4,5354.86
浙江,第三产业,2015Q3,2015-09-01,14858.25,11.3,5211.42
浙江,第三产业,2015Q4,2015-12-01,21346.6,11.3,6488.35
浙江,第三产业,2016Q1,2016-03-01,5075.38,9.5,-16271.22
浙江,第三产业,2016Q2,2016-06-01,10816.06,9.7,5740.68
浙江,第三产业,2016Q3,2016-09-01,16653.46,9.2,5837.4
浙江,第三产业,2016Q4,2016-12-01,24000.61,9.4,7347.15
浙江,第三产业,2017Q1,2017-03-01,5818.85,10.0,-18181.76
浙江,第三产业,2017Q2,2017-06-01,12387.82,9.8,6568.97
浙江,第三产业,2017Q3,2017-09-01,19046.65,9.3,6658.83
浙江,第三产业,2017Q4,2017-12-01,27279.31,8.8,8232.66
浙江,第三产业,2018Q1,2018-03-01,6550.62,8.1,-20728.69
浙江,第三产业,2018Q2,2018-06-01,13916.49,8.1,7365.87
浙江,第三产业,2018Q3,2018-09-01,21639.5,8.0,7723.01
浙江,第三产业,2018Q4,2018-12-01,30724.26,7.8,9084.76
浙江,第三产业,2019Q1,2019-03-01,7540.08,7.8,-23184.18
浙江,第三产业,2019Q2,2019-06-01,15789.37,8.3,8249.29
浙江,第三产业,2019Q3,2019-09-01,24030.54,7.6,8241.17
浙江,第三产业,2019Q4,2019-12-01,33687.76,7.8,9657.22
浙江,第三产业,2020Q1,2020-03-01,7848.78,-1.5,-25838.98
浙江,第三产业,2020Q2,2020-06-01,16553.03,2.5,8704.25
浙江,第三产业,2020Q3,2020-09-01,25858.2,3.4,9305.17
浙江,第三产业,2020Q4,2020-12-01,36031.16,4.1,10172.96
浙江,第三产业,2021Q1,2021-03-01,9627.77,15.4,-26403.39
浙江,第三产业,2021Q2,2021-06-01,19444.0,11.5,9816.23
浙江,第三产业,2021Q3,2021-09-01,29436.92,9.1,9992.92
浙江,第三产业,2021Q4,2021-12-01,40118.1,7.6,10681.18
浙江,第三产业,2022Q1,2022-03-01,10141.68,3.5,-29976.42
浙江,第三产业,2022Q2,2022-06-01,19745.53,1.5,9603.85
浙江,第三产业,2022Q3,2022-09-01,30322.4,2.3,10576.87
浙江,第三产业,2022Q4,2022-12-01,42185.42,2.8,11863.02
浙江,第三产业,2023Q1,2023-03-01,11064.55,6.4,-31120.87
浙江,第三产业,2023Q2,2023-06-01,21867.06,8.4,10802.51
浙江,第三产业,2023Q3,2023-09-01,33167.99,7.3,11300.93
浙江,第三产业,2023Q4,2023-12-01,46268.57,6.7,13100.58
浙江,第三产业,2024Q1,2024-03-01,11882.0,5.5,-34386.57
浙江,第三产业,2024Q2,2024-06-01,23364.0,5.0,11482.0
浙江,第三产业,2024Q3,2024-09-01,35394.0,4.8,12030.0
浙江,第三产业,2024Q4,2024-12-01,52761.0,5.1,17367.0
浙江,第三产业,2025Q1,2025-03-01,13653.0,5.7,-39108.0
浙江,第三产业,2025Q2,2025-06-01,26921.0,6.0,13268.0
浙江,第三产业,2025Q3,2025-09-01,40674.0,6.0,13753.0
浙江,第三产业,2025Q4,2025-12-01,56206.0,5.8,15532.0
